/*******************************************************************************
   Drop database if it exists
********************************************************************************/
IF EXISTS (SELECT name FROM master.dbo.sysdatabases WHERE name = N'MediaStoreDb')
BEGIN
	--ALTER DATABASE [MediaStoreDb] SET OFFLINE WITH ROLLBACK IMMEDIATE;
	--ALTER DATABASE [MediaStoreDb] SET ONLINE;
	DROP DATABASE [MediaStoreDb];
END

GO

/*******************************************************************************
   Create database
********************************************************************************/
CREATE DATABASE [MediaStoreDb];
GO

USE [MediaStoreDb];
GO

/*******************************************************************************
   Create Tables
********************************************************************************/
CREATE TABLE [dbo].[Album]
(
    [AlbumId] INT NOT NULL,
    [Title] NVARCHAR(160) NOT NULL,
    [ArtistId] INT NOT NULL,
    CONSTRAINT [PK_Album] PRIMARY KEY CLUSTERED ([AlbumId])
);
GO
CREATE TABLE [dbo].[Artist]
(
    [ArtistId] INT NOT NULL,
    [Name] NVARCHAR(120),
    CONSTRAINT [PK_Artist] PRIMARY KEY CLUSTERED ([ArtistId])
);
GO
CREATE TABLE [dbo].[Customer]
(
    [CustomerId] INT NOT NULL,
    [FirstName] NVARCHAR(40) NOT NULL,
    [LastName] NVARCHAR(20) NOT NULL,
    [Company] NVARCHAR(80),
    [Address] NVARCHAR(70),
    [City] NVARCHAR(40),
    [State] NVARCHAR(40),
    [Country] NVARCHAR(40),
    [PostalCode] NVARCHAR(10),
    [Phone] NVARCHAR(24),
    [Fax] NVARCHAR(24),
    [Email] NVARCHAR(60) NOT NULL,
    [SupportRepId] INT,
    CONSTRAINT [PK_Customer] PRIMARY KEY CLUSTERED ([CustomerId])
);
GO
CREATE TABLE [dbo].[Employee]
(
    [EmployeeId] INT NOT NULL,
    [LastName] NVARCHAR(20) NOT NULL,
    [FirstName] NVARCHAR(20) NOT NULL,
    [Title] NVARCHAR(30),
    [ReportsTo] INT,
    [BirthDate] DATETIME,
    [HireDate] DATETIME,
    [Address] NVARCHAR(70),
    [City] NVARCHAR(40),
    [State] NVARCHAR(40),
    [Country] NVARCHAR(40),
    [PostalCode] NVARCHAR(10),
    [Phone] NVARCHAR(24),
    [Fax] NVARCHAR(24),
    [Email] NVARCHAR(60),
    CONSTRAINT [PK_Employee] PRIMARY KEY CLUSTERED ([EmployeeId])
);
GO
CREATE TABLE [dbo].[Genre]
(
    [GenreId] INT NOT NULL,
    [Name] NVARCHAR(120),
    CONSTRAINT [PK_Genre] PRIMARY KEY CLUSTERED ([GenreId])
);
GO
CREATE TABLE [dbo].[Invoice]
(
    [InvoiceId] INT NOT NULL,
    [CustomerId] INT NOT NULL,
    [InvoiceDate] DATETIME NOT NULL,
    [BillingAddress] NVARCHAR(70),
    [BillingCity] NVARCHAR(40),
    [BillingState] NVARCHAR(40),
    [BillingCountry] NVARCHAR(40),
    [BillingPostalCode] NVARCHAR(10),
    [Total] NUMERIC(10,2) NOT NULL,
    CONSTRAINT [PK_Invoice] PRIMARY KEY CLUSTERED ([InvoiceId])
);
GO
CREATE TABLE [dbo].[InvoiceLine]
(
    [InvoiceLineId] INT NOT NULL,
    [InvoiceId] INT NOT NULL,
    [TrackId] INT NOT NULL,
    [UnitPrice] NUMERIC(10,2) NOT NULL,
    [Quantity] INT NOT NULL,
    CONSTRAINT [PK_InvoiceLine] PRIMARY KEY CLUSTERED ([InvoiceLineId])
);
GO
CREATE TABLE [dbo].[MediaType]
(
    [MediaTypeId] INT NOT NULL,
    [Name] NVARCHAR(120),
    CONSTRAINT [PK_MediaType] PRIMARY KEY CLUSTERED ([MediaTypeId])
);
GO
CREATE TABLE [dbo].[Playlist]
(
    [PlaylistId] INT NOT NULL,
    [Name] NVARCHAR(120),
    CONSTRAINT [PK_Playlist] PRIMARY KEY CLUSTERED ([PlaylistId])
);
GO
CREATE TABLE [dbo].[PlaylistTrack]
(
    [PlaylistId] INT NOT NULL,
    [TrackId] INT NOT NULL,
    CONSTRAINT [PK_PlaylistTrack] PRIMARY KEY NONCLUSTERED ([PlaylistId], [TrackId])
);
GO
CREATE TABLE [dbo].[Track]
(
    [TrackId] INT NOT NULL,
    [Name] NVARCHAR(200) NOT NULL,
    [AlbumId] INT,
    [MediaTypeId] INT NOT NULL,
    [GenreId] INT,
    [Composer] NVARCHAR(220),
    [Milliseconds] INT NOT NULL,
    [Bytes] INT,
    [UnitPrice] NUMERIC(10,2) NOT NULL,
    CONSTRAINT [PK_Track] PRIMARY KEY CLUSTERED ([TrackId])
);
GO


/*******************************************************************************
   Create Primary Key Unique Indexes
********************************************************************************/

/*******************************************************************************
   Create Foreign Keys
********************************************************************************/
ALTER TABLE [dbo].[Album] ADD CONSTRAINT [FK_AlbumArtistId]
    FOREIGN KEY ([ArtistId]) REFERENCES [dbo].[Artist] ([ArtistId]) ON DELETE NO ACTION ON UPDATE NO ACTION;
GO
CREATE INDEX [IFK_AlbumArtistId] ON [dbo].[Album] ([ArtistId]);
GO
ALTER TABLE [dbo].[Customer] ADD CONSTRAINT [FK_CustomerSupportRepId]
    FOREIGN KEY ([SupportRepId]) REFERENCES [dbo].[Employee] ([EmployeeId]) ON DELETE NO ACTION ON UPDATE NO ACTION;
GO
CREATE INDEX [IFK_CustomerSupportRepId] ON [dbo].[Customer] ([SupportRepId]);
GO
ALTER TABLE [dbo].[Employee] ADD CONSTRAINT [FK_EmployeeReportsTo]
    FOREIGN KEY ([ReportsTo]) REFERENCES [dbo].[Employee] ([EmployeeId]) ON DELETE NO ACTION ON UPDATE NO ACTION;
GO
CREATE INDEX [IFK_EmployeeReportsTo] ON [dbo].[Employee] ([ReportsTo]);
GO
ALTER TABLE [dbo].[Invoice] ADD CONSTRAINT [FK_InvoiceCustomerId]
    FOREIGN KEY ([CustomerId]) REFERENCES [dbo].[Customer] ([CustomerId]) ON DELETE NO ACTION ON UPDATE NO ACTION;
GO
CREATE INDEX [IFK_InvoiceCustomerId] ON [dbo].[Invoice] ([CustomerId]);
GO
ALTER TABLE [dbo].[InvoiceLine] ADD CONSTRAINT [FK_InvoiceLineInvoiceId]
    FOREIGN KEY ([InvoiceId]) REFERENCES [dbo].[Invoice] ([InvoiceId]) ON DELETE NO ACTION ON UPDATE NO ACTION;
GO
CREATE INDEX [IFK_InvoiceLineInvoiceId] ON [dbo].[InvoiceLine] ([InvoiceId]);
GO
ALTER TABLE [dbo].[InvoiceLine] ADD CONSTRAINT [FK_InvoiceLineTrackId]
    FOREIGN KEY ([TrackId]) REFERENCES [dbo].[Track] ([TrackId]) ON DELETE NO ACTION ON UPDATE NO ACTION;
GO
CREATE INDEX [IFK_InvoiceLineTrackId] ON [dbo].[InvoiceLine] ([TrackId]);
GO
ALTER TABLE [dbo].[PlaylistTrack] ADD CONSTRAINT [FK_PlaylistTrackPlaylistId]
    FOREIGN KEY ([PlaylistId]) REFERENCES [dbo].[Playlist] ([PlaylistId]) ON DELETE NO ACTION ON UPDATE NO ACTION;
GO
ALTER TABLE [dbo].[PlaylistTrack] ADD CONSTRAINT [FK_PlaylistTrackTrackId]
    FOREIGN KEY ([TrackId]) REFERENCES [dbo].[Track] ([TrackId]) ON DELETE NO ACTION ON UPDATE NO ACTION;
GO
CREATE INDEX [IFK_PlaylistTrackTrackId] ON [dbo].[PlaylistTrack] ([TrackId]);
GO
ALTER TABLE [dbo].[Track] ADD CONSTRAINT [FK_TrackAlbumId]
    FOREIGN KEY ([AlbumId]) REFERENCES [dbo].[Album] ([AlbumId]) ON DELETE NO ACTION ON UPDATE NO ACTION;
GO
CREATE INDEX [IFK_TrackAlbumId] ON [dbo].[Track] ([AlbumId]);
GO
ALTER TABLE [dbo].[Track] ADD CONSTRAINT [FK_TrackGenreId]
    FOREIGN KEY ([GenreId]) REFERENCES [dbo].[Genre] ([GenreId]) ON DELETE NO ACTION ON UPDATE NO ACTION;
GO
CREATE INDEX [IFK_TrackGenreId] ON [dbo].[Track] ([GenreId]);
GO
ALTER TABLE [dbo].[Track] ADD CONSTRAINT [FK_TrackMediaTypeId]
    FOREIGN KEY ([MediaTypeId]) REFERENCES [dbo].[MediaType] ([MediaTypeId]) ON DELETE NO ACTION ON UPDATE NO ACTION;
GO
CREATE INDEX [IFK_TrackMediaTypeId] ON [dbo].[Track] ([MediaTypeId]);
GO

/*******************************************************************************
   Populate Tables
********************************************************************************/
INSERT INTO [dbo].[Genre] ([GenreId], [Name]) VALUES (1, N'Rock');
INSERT INTO [dbo].[Genre] ([GenreId], [Name]) VALUES (2, N'Jazz');
INSERT INTO [dbo].[Genre] ([GenreId], [Name]) VALUES (3, N'Metal');
INSERT INTO [dbo].[Genre] ([GenreId], [Name]) VALUES (4, N'Alternative & Punk');
INSERT INTO [dbo].[Genre] ([GenreId], [Name]) VALUES (5, N'Rock And Roll');
INSERT INTO [dbo].[Genre] ([GenreId], [Name]) VALUES (6, N'Blues');
INSERT INTO [dbo].[Genre] ([GenreId], [Name]) VALUES (7, N'Latin');
INSERT INTO [dbo].[Genre] ([GenreId], [Name]) VALUES (8, N'Reggae');
INSERT INTO [dbo].[Genre] ([GenreId], [Name]) VALUES (9, N'Pop');
INSERT INTO [dbo].[Genre] ([GenreId], [Name]) VALUES (10, N'Soundtrack');
INSERT INTO [dbo].[Genre] ([GenreId], [Name]) VALUES (11, N'Bossa Nova');
INSERT INTO [dbo].[Genre] ([GenreId], [Name]) VALUES (12, N'Easy Listening');
INSERT INTO [dbo].[Genre] ([GenreId], [Name]) VALUES (13, N'Heavy Metal');
INSERT INTO [dbo].[Genre] ([GenreId], [Name]) VALUES (14, N'R&B/Soul');
INSERT INTO [dbo].[Genre] ([GenreId], [Name]) VALUES (15, N'Electronica/Dance');
INSERT INTO [dbo].[Genre] ([GenreId], [Name]) VALUES (16, N'World');
INSERT INTO [dbo].[Genre] ([GenreId], [Name]) VALUES (17, N'Hip Hop/Rap');
INSERT INTO [dbo].[Genre] ([GenreId], [Name]) VALUES (18, N'Science Fiction');
INSERT INTO [dbo].[Genre] ([GenreId], [Name]) VALUES (19, N'TV Shows');
INSERT INTO [dbo].[Genre] ([GenreId], [Name]) VALUES (20, N'Sci Fi & Fantasy');
INSERT INTO [dbo].[Genre] ([GenreId], [Name]) VALUES (21, N'Drama');
INSERT INTO [dbo].[Genre] ([GenreId], [Name]) VALUES (22, N'Comedy');
INSERT INTO [dbo].[Genre] ([GenreId], [Name]) VALUES (23, N'Alternative');
INSERT INTO [dbo].[Genre] ([GenreId], [Name]) VALUES (24, N'Clbaseical');
INSERT INTO [dbo].[Genre] ([GenreId], [Name]) VALUES (25, N'Opera');

INSERT INTO [dbo].[MediaType] ([MediaTypeId], [Name]) VALUES (1, N'MPEG audio file');
INSERT INTO [dbo].[MediaType] ([MediaTypeId], [Name]) VALUES (2, N'Protected AAC audio file');
INSERT INTO [dbo].[MediaType] ([MediaTypeId], [Name]) VALUES (3, N'Protected MPEG-4 video file');
INSERT INTO [dbo].[MediaType] ([MediaTypeId], [Name]) VALUES (4, N'Purchased AAC audio file');
INSERT INTO [dbo].[MediaType] ([MediaTypeId], [Name]) VALUES (5, N'AAC audio file');

INSERT INTO [dbo].[Artist] ([ArtistId], [Name]) VALUES (1, N'AC/DC');
INSERT INTO [dbo].[Artist] ([ArtistId], [Name]) VALUES (2, N'Accept');
INSERT INTO [dbo].[Artist] ([ArtistId], [Name]) VALUES (3, N'Aerosmith');
INSERT INTO [dbo].[Artist] ([ArtistId], [Name]) VALUES (4, N'Alanis Morissette');
INSERT INTO [dbo].[Artist] ([ArtistId], [Name]) VALUES (5, N'Alice');
INSERT INTO [dbo].[Artist] ([ArtistId], [Name]) VALUES (6, N'Antônio Carlos Jobim');
INSERT INTO [dbo].[Artist] ([ArtistId], [Name]) VALUES (7, N'Apoca');
INSERT INTO [dbo].[Artist] ([ArtistId], [Name]) VALUES (8, N'Audioz');
INSERT INTO [dbo].[Artist] ([ArtistId], [Name]) VALUES (9, N'BackBeat');
INSERT INTO [dbo].[Artist] ([ArtistId], [Name]) VALUES (10, N'Billy Cobham');
INSERT INTO [dbo].[Artist] ([ArtistId], [Name]) VALUES (11, N'Label Society');
INSERT INTO [dbo].[Artist] ([ArtistId], [Name]) VALUES (12, N'Bl Sab');
INSERT INTO [dbo].[Artist] ([ArtistId], [Name]) VALUES (13, N'Large Count');
INSERT INTO [dbo].[Artist] ([ArtistId], [Name]) VALUES (14, N'Bruce Mickinson');
INSERT INTO [dbo].[Artist] ([ArtistId], [Name]) VALUES (15, N'Buddy Guy');
INSERT INTO [dbo].[Artist] ([ArtistId], [Name]) VALUES (16, N'Cat Vel');
INSERT INTO [dbo].[Artist] ([ArtistId], [Name]) VALUES (17, N'Chico Be');
INSERT INTO [dbo].[Artist] ([ArtistId], [Name]) VALUES (18, N'Chico Science & Zumbi');
INSERT INTO [dbo].[Artist] ([ArtistId], [Name]) VALUES (19, N'Ciade Neg');
INSERT INTO [dbo].[Artist] ([ArtistId], [Name]) VALUES (20, N'Cláudio Zoli');

INSERT INTO [dbo].[Album] ([AlbumId], [Title], [ArtistId]) VALUES (1, N'For Those About To Rock We Salute You', 1);
INSERT INTO [dbo].[Album] ([AlbumId], [Title], [ArtistId]) VALUES (2, N'Calls to the Wall', 2);
INSERT INTO [dbo].[Album] ([AlbumId], [Title], [ArtistId]) VALUES (3, N'Wild', 2);
INSERT INTO [dbo].[Album] ([AlbumId], [Title], [ArtistId]) VALUES (4, N'Let There Be Rock', 1);
INSERT INTO [dbo].[Album] ([AlbumId], [Title], [ArtistId]) VALUES (5, N'Big', 3);
INSERT INTO [dbo].[Album] ([AlbumId], [Title], [ArtistId]) VALUES (6, N'Ja Little Mill', 4);
INSERT INTO [dbo].[Album] ([AlbumId], [Title], [ArtistId]) VALUES (7, N'Face', 5);
INSERT INTO [dbo].[Album] ([AlbumId], [Title], [ArtistId]) VALUES (8, N'Warner 25 Anos', 6);
INSERT INTO [dbo].[Album] ([AlbumId], [Title], [ArtistId]) VALUES (9, N'Plays Metallica By Four Cellos', 7);
INSERT INTO [dbo].[Album] ([AlbumId], [Title], [ArtistId]) VALUES (10, N'Audio', 8);
INSERT INTO [dbo].[Album] ([AlbumId], [Title], [ArtistId]) VALUES (11, N'Out Of', 8);
INSERT INTO [dbo].[Album] ([AlbumId], [Title], [ArtistId]) VALUES (12, N'Beat Soundtrack', 9);
INSERT INTO [dbo].[Album] ([AlbumId], [Title], [ArtistId]) VALUES (13, N'The Best Of Billy Cobham', 10);
INSERT INTO [dbo].[Album] ([AlbumId], [Title], [ArtistId]) VALUES (14, N'Candy Fueled Live! [Disc 1]', 11);
INSERT INTO [dbo].[Album] ([AlbumId], [Title], [ArtistId]) VALUES (15, N'Candy Fueled Live! [Disc 2]', 11);
INSERT INTO [dbo].[Album] ([AlbumId], [Title], [ArtistId]) VALUES (16, N'BlSab', 12);
INSERT INTO [dbo].[Album] ([AlbumId], [Title], [ArtistId]) VALUES (17, N'BlSab Vol. 4 (Remaster)', 12);
INSERT INTO [dbo].[Album] ([AlbumId], [Title], [ArtistId]) VALUES (18, N'Count', 13);
INSERT INTO [dbo].[Album] ([AlbumId], [Title], [ArtistId]) VALUES (19, N'Wedding', 14);
INSERT INTO [dbo].[Album] ([AlbumId], [Title], [ArtistId]) VALUES (20, N'The Best Of Buddy Guy - The Millenium Collection', 15);
INSERT INTO [dbo].[Album] ([AlbumId], [Title], [ArtistId]) VALUES (21, N'Pen M', 16);
INSERT INTO [dbo].[Album] ([AlbumId], [Title], [ArtistId]) VALUES (22, N'So Remix A V', 16);
INSERT INTO [dbo].[Album] ([AlbumId], [Title], [ArtistId]) VALUES (23, N'Min Histor', 17);
INSERT INTO [dbo].[Album] ([AlbumId], [Title], [ArtistId]) VALUES (24, N'Apples', 18);
INSERT INTO [dbo].[Album] ([AlbumId], [Title], [ArtistId]) VALUES (25, N'Da Lam', 18);
INSERT INTO [dbo].[Album] ([AlbumId], [Title], [ArtistId]) VALUES (26, N'Acústico MTV [Live]', 19);
INSERT INTO [dbo].[Album] ([AlbumId], [Title], [ArtistId]) VALUES (27, N'Cid - Hits', 19);
INSERT INTO [dbo].[Album] ([AlbumId], [Title], [ArtistId]) VALUES (28, N'Na Pita', 20);
INSERT INTO [dbo].[Album] ([AlbumId], [Title], [ArtistId]) VALUES (29, N'Chill: Brazil (Disc 2)', 6);
INSERT INTO [dbo].[Album] ([AlbumId], [Title], [ArtistId]) VALUES (30, N'Revelations', 8);

INSERT INTO [dbo].[Track] ([TrackId], [Name], [AlbumId], [MediaTypeId], [GenreId], [Composer], [Milliseconds], [Bytes], [UnitPrice]) VALUES (1, N'For Those About To Rock (We Salute You)', 1, 1, 1, N'Angus Young, Malcolm Young, Brian Johnson', 343719, 11170334, 0.99);
INSERT INTO [dbo].[Track] ([TrackId], [Name], [AlbumId], [MediaTypeId], [GenreId], [Milliseconds], [Bytes], [UnitPrice]) VALUES (2, N'Calls to the Wall', 2, 2, 1, 342562, 5510424, 0.99);
INSERT INTO [dbo].[Track] ([TrackId], [Name], [AlbumId], [MediaTypeId], [GenreId], [Composer], [Milliseconds], [Bytes], [UnitPrice]) VALUES (3, N'Fast As a Shark', 3, 2, 1, N'F. Baltes, S. Kaufman, U. Dirkscneider & W. Hoffman', 230619, 3990994, 0.99);
INSERT INTO [dbo].[Track] ([TrackId], [Name], [AlbumId], [MediaTypeId], [GenreId], [Composer], [Milliseconds], [Bytes], [UnitPrice]) VALUES (4, N'Restless', 3, 2, 1, N'F. Baltes, R.A. Smith-flysel, S. Kaufman, U. Dirkscneider & W. Hoffman', 252051, 4331779, 0.99);
INSERT INTO [dbo].[Track] ([TrackId], [Name], [AlbumId], [MediaTypeId], [GenreId], [Composer], [Milliseconds], [Bytes], [UnitPrice]) VALUES (5, N'Dawn', 3, 2, 1, N'Deaffy & R.A. Smith-flysel', 375418, 6290521, 0.99);
INSERT INTO [dbo].[Track] ([TrackId], [Name], [AlbumId], [MediaTypeId], [GenreId], [Composer], [Milliseconds], [Bytes], [UnitPrice]) VALUES (6, N'Put The', 1, 1, 1, N'Angus Young, Malcolm Young, Brian Johnson', 205662, 6713451, 0.99);
INSERT INTO [dbo].[Track] ([TrackId], [Name], [AlbumId], [MediaTypeId], [GenreId], [Composer], [Milliseconds], [Bytes], [UnitPrice]) VALUES (7, N'Let''s Get It', 1, 1, 1, N'Angus Young, Malcolm Young, Brian Johnson', 233926, 7636561, 0.99);
INSERT INTO [dbo].[Track] ([TrackId], [Name], [AlbumId], [MediaTypeId], [GenreId], [Composer], [Milliseconds], [Bytes], [UnitPrice]) VALUES (8, N'The Vase', 1, 1, 1, N'Angus Young, Malcolm Young, Brian Johnson', 210834, 6852860, 0.99);
INSERT INTO [dbo].[Track] ([TrackId], [Name], [AlbumId], [MediaTypeId], [GenreId], [Composer], [Milliseconds], [Bytes], [UnitPrice]) VALUES (9, N'Snowb', 1, 1, 1, N'Angus Young, Malcolm Young, Brian Johnson', 203102, 6599424, 0.99);
INSERT INTO [dbo].[Track] ([TrackId], [Name], [AlbumId], [MediaTypeId], [GenreId], [Composer], [Milliseconds], [Bytes], [UnitPrice]) VALUES (10, N'Walks', 1, 1, 1, N'Angus Young, Malcolm Young, Brian Johnson', 263497, 8611245, 0.99);
INSERT INTO [dbo].[Track] ([TrackId], [Name], [AlbumId], [MediaTypeId], [GenreId], [Composer], [Milliseconds], [Bytes], [UnitPrice]) VALUES (11, N'C.O.D.', 1, 1, 1, N'Angus Young, Malcolm Young, Brian Johnson', 199836, 6566314, 0.99);
INSERT INTO [dbo].[Track] ([TrackId], [Name], [AlbumId], [MediaTypeId], [GenreId], [Composer], [Milliseconds], [Bytes], [UnitPrice]) VALUES (12, N'The Rules', 1, 1, 1, N'Angus Young, Malcolm Young, Brian Johnson', 263288, 8596840, 0.99);
INSERT INTO [dbo].[Track] ([TrackId], [Name], [AlbumId], [MediaTypeId], [GenreId], [Composer], [Milliseconds], [Bytes], [UnitPrice]) VALUES (13, N'Night Of The Lion', 1, 1, 1, N'Angus Young, Malcolm Young, Brian Johnson', 205688, 6706347, 0.99);
INSERT INTO [dbo].[Track] ([TrackId], [Name], [AlbumId], [MediaTypeId], [GenreId], [Composer], [Milliseconds], [Bytes], [UnitPrice]) VALUES (14, N'Spellbound', 1, 1, 1, N'Angus Young, Malcolm Young, Brian Johnson', 270863, 8817038, 0.99);
INSERT INTO [dbo].[Track] ([TrackId], [Name], [AlbumId], [MediaTypeId], [GenreId], [Composer], [Milliseconds], [Bytes], [UnitPrice]) VALUES (15, N'Go Downtown', 4, 1, 1, N'AC/DC', 331180, 10847611, 0.99);
INSERT INTO [dbo].[Track] ([TrackId], [Name], [AlbumId], [MediaTypeId], [GenreId], [Composer], [Milliseconds], [Bytes], [UnitPrice]) VALUES (16, N'Dogs n Cats', 4, 1, 1, N'AC/DC', 215196, 7032162, 0.99);
INSERT INTO [dbo].[Track] ([TrackId], [Name], [AlbumId], [MediaTypeId], [GenreId], [Composer], [Milliseconds], [Bytes], [UnitPrice]) VALUES (17, N'Let There Be Rock', 4, 1, 1, N'AC/DC', 366654, 12021261, 0.99);
INSERT INTO [dbo].[Track] ([TrackId], [Name], [AlbumId], [MediaTypeId], [GenreId], [Composer], [Milliseconds], [Bytes], [UnitPrice]) VALUES (18, N'Blah Blah', 4, 1, 1, N'AC/DC', 267728, 8776140, 0.99);
INSERT INTO [dbo].[Track] ([TrackId], [Name], [AlbumId], [MediaTypeId], [GenreId], [Composer], [Milliseconds], [Bytes], [UnitPrice]) VALUES (19, N'Problem', 4, 1, 1, N'AC/DC', 325041, 10617116, 0.99);
INSERT INTO [dbo].[Track] ([TrackId], [Name], [AlbumId], [MediaTypeId], [GenreId], [Composer], [Milliseconds], [Bytes], [UnitPrice]) VALUES (20, N'Overfun', 4, 1, 1, N'AC/DC', 369319, 12066294, 0.99);
INSERT INTO [dbo].[Track] ([TrackId], [Name], [AlbumId], [MediaTypeId], [GenreId], [Composer], [Milliseconds], [Bytes], [UnitPrice]) VALUES (21, N'Place To Be', 4, 1, 1, N'AC/DC', 254380, 8331286, 0.99);
INSERT INTO [dbo].[Track] ([TrackId], [Name], [AlbumId], [MediaTypeId], [GenreId], [Composer], [Milliseconds], [Bytes], [UnitPrice]) VALUES (22, N'Whole Lotta Noise', 4, 1, 1, N'AC/DC', 323761, 10547154, 0.99);
INSERT INTO [dbo].[Track] ([TrackId], [Name], [AlbumId], [MediaTypeId], [GenreId], [Composer], [Milliseconds], [Bytes], [UnitPrice]) VALUES (23, N'Walk On Water', 5, 1, 1, N'Steven Tyler, Joe Perry, Jack, Tommy Shaw', 295680, 9719579, 0.99);
INSERT INTO [dbo].[Track] ([TrackId], [Name], [AlbumId], [MediaTypeId], [GenreId], [Composer], [Milliseconds], [Bytes], [UnitPrice]) VALUES (24, N'In An Elevator', 5, 1, 1, N'Steven Tyler, Joe Perry', 321828, 10552051, 0.99);
INSERT INTO [dbo].[Track] ([TrackId], [Name], [AlbumId], [MediaTypeId], [GenreId], [Composer], [Milliseconds], [Bytes], [UnitPrice]) VALUES (25, N'RaDoll', 5, 1, 1, N'Steven Tyler, Joe Perry, Jim Vballance, Holly Knight', 264698, 8675345, 0.99);
INSERT INTO [dbo].[Track] ([TrackId], [Name], [AlbumId], [MediaTypeId], [GenreId], [Composer], [Milliseconds], [Bytes], [UnitPrice]) VALUES (26, N'What It Takes', 5, 1, 1, N'Steven Tyler, Joe Perry, Desmond Child', 310622, 10144730, 0.99);
INSERT INTO [dbo].[Track] ([TrackId], [Name], [AlbumId], [MediaTypeId], [GenreId], [Composer], [Milliseconds], [Bytes], [UnitPrice]) VALUES (27, N'Doing Good', 5, 1, 1, N'Steven Tyler, Joe Perry, Desmond Child', 264855, 8679940, 0.99);
INSERT INTO [dbo].[Track] ([TrackId], [Name], [AlbumId], [MediaTypeId], [GenreId], [Composer], [Milliseconds], [Bytes], [UnitPrice]) VALUES (28, N'Janie''s Got', 5, 1, 1, N'Steven Tyler, Tom Hamilton', 330736, 10869391, 0.99);
INSERT INTO [dbo].[Track] ([TrackId], [Name], [AlbumId], [MediaTypeId], [GenreId], [Composer], [Milliseconds], [Bytes], [UnitPrice]) VALUES (29, N'Laughin''', 5, 1, 1, N'Steven Tyler, Joe Perry, Taylor Rhodes', 309263, 10056995, 0.99);
INSERT INTO [dbo].[Track] ([TrackId], [Name], [AlbumId], [MediaTypeId], [GenreId], [Composer], [Milliseconds], [Bytes], [UnitPrice]) VALUES (30, N'Amazing', 5, 1, 1, N'Steven Tyler, Richie Supa', 356519, 11616195, 0.99);
INSERT INTO [dbo].[Track] ([TrackId], [Name], [AlbumId], [MediaTypeId], [GenreId], [Composer], [Milliseconds], [Bytes], [UnitPrice]) VALUES (31, N'Bl Man', 5, 1, 1, N'Steven Tyler, Joe Perry, Taylor Rhodes', 240718, 7877453, 0.99);
INSERT INTO [dbo].[Track] ([TrackId], [Name], [AlbumId], [MediaTypeId], [GenreId], [Composer], [Milliseconds], [Bytes], [UnitPrice]) VALUES (32, N'Deuces Are Wild', 5, 1, 1, N'Steven Tyler, Jim Vballance', 215875, 7074167, 0.99);
INSERT INTO [dbo].[Track] ([TrackId], [Name], [AlbumId], [MediaTypeId], [GenreId], [Composer], [Milliseconds], [Bytes], [UnitPrice]) VALUES (33, N'The Other Side', 5, 1, 1, N'Steven Tyler, Jim Vballance', 244375, 7983270, 0.99);
INSERT INTO [dbo].[Track] ([TrackId], [Name], [AlbumId], [MediaTypeId], [GenreId], [Composer], [Milliseconds], [Bytes], [UnitPrice]) VALUES (34, N'Crazy', 5, 1, 1, N'Steven Tyler, Joe Perry, Desmond Child', 316656, 10402398, 0.99);
INSERT INTO [dbo].[Track] ([TrackId], [Name], [AlbumId], [MediaTypeId], [GenreId], [Composer], [Milliseconds], [Bytes], [UnitPrice]) VALUES (35, N'Eat The Food', 5, 1, 1, N'Steven Tyler, Joe Perry, Jim Vballance', 251036, 8262039, 0.99);
INSERT INTO [dbo].[Track] ([TrackId], [Name], [AlbumId], [MediaTypeId], [GenreId], [Composer], [Milliseconds], [Bytes], [UnitPrice]) VALUES (36, N'Angel', 5, 1, 1, N'Steven Tyler, Desmond Child', 307617, 9989331, 0.99);
INSERT INTO [dbo].[Track] ([TrackId], [Name], [AlbumId], [MediaTypeId], [GenreId], [Composer], [Milliseconds], [Bytes], [UnitPrice]) VALUES (37, N'Livin'' On The Hills', 5, 1, 1, N'Steven Tyler, Joe Perry, Mark Hudson', 381231, 12374569, 0.99);
INSERT INTO [dbo].[Track] ([TrackId], [Name], [AlbumId], [MediaTypeId], [GenreId], [Composer], [Milliseconds], [Bytes], [UnitPrice]) VALUES (38, N'All I Really Want', 6, 1, 1, N'Alanis Morissette & Glenn Bballard', 284891, 9375567, 0.99);
INSERT INTO [dbo].[Track] ([TrackId], [Name], [AlbumId], [MediaTypeId], [GenreId], [Composer], [Milliseconds], [Bytes], [UnitPrice]) VALUES (39, N'You Oughta Know', 6, 1, 1, N'Alanis Morissette & Glenn Bballard', 249234, 8196916, 0.99);
INSERT INTO [dbo].[Track] ([TrackId], [Name], [AlbumId], [MediaTypeId], [GenreId], [Composer], [Milliseconds], [Bytes], [UnitPrice]) VALUES (40, N'Perfect', 6, 1, 1, N'Alanis Morissette & Glenn Bballard', 188133, 6145404, 0.99);
INSERT INTO [dbo].[Track] ([TrackId], [Name], [AlbumId], [MediaTypeId], [GenreId], [Composer], [Milliseconds], [Bytes], [UnitPrice]) VALUES (41, N'In My Pocket', 6, 1, 1, N'Alanis Morissette & Glenn Bballard', 221570, 7224246, 0.99);
INSERT INTO [dbo].[Track] ([TrackId], [Name], [AlbumId], [MediaTypeId], [GenreId], [Composer], [Milliseconds], [Bytes], [UnitPrice]) VALUES (42, N'Right Through', 6, 1, 1, N'Alanis Morissette & Glenn Bballard', 176117, 5793082, 0.99);
INSERT INTO [dbo].[Track] ([TrackId], [Name], [AlbumId], [MediaTypeId], [GenreId], [Composer], [Milliseconds], [Bytes], [UnitPrice]) VALUES (43, N'Forgiven', 6, 1, 1, N'Alanis Morissette & Glenn Bballard', 300355, 9753256, 0.99);
INSERT INTO [dbo].[Track] ([TrackId], [Name], [AlbumId], [MediaTypeId], [GenreId], [Composer], [Milliseconds], [Bytes], [UnitPrice]) VALUES (44, N'You Learn', 6, 1, 1, N'Alanis Morissette & Glenn Bballard', 239699, 7824837, 0.99);
INSERT INTO [dbo].[Track] ([TrackId], [Name], [AlbumId], [MediaTypeId], [GenreId], [Composer], [Milliseconds], [Bytes], [UnitPrice]) VALUES (45, N'Head Over Feet', 6, 1, 1, N'Alanis Morissette & Glenn Bballard', 267493, 8758008, 0.99);
INSERT INTO [dbo].[Track] ([TrackId], [Name], [AlbumId], [MediaTypeId], [GenreId], [Composer], [Milliseconds], [Bytes], [UnitPrice]) VALUES (46, N'Mary Jane', 6, 1, 1, N'Alanis Morissette & Glenn Bballard', 280607, 9163588, 0.99);
INSERT INTO [dbo].[Track] ([TrackId], [Name], [AlbumId], [MediaTypeId], [GenreId], [Composer], [Milliseconds], [Bytes], [UnitPrice]) VALUES (47, N'Ironic', 6, 1, 1, N'Alanis Morissette & Glenn Bballard', 229825, 7598866, 0.99);
INSERT INTO [dbo].[Track] ([TrackId], [Name], [AlbumId], [MediaTypeId], [GenreId], [Composer], [Milliseconds], [Bytes], [UnitPrice]) VALUES (48, N'Not The Doctor', 6, 1, 1, N'Alanis Morissette & Glenn Bballard', 227631, 7604601, 0.99);
INSERT INTO [dbo].[Track] ([TrackId], [Name], [AlbumId], [MediaTypeId], [GenreId], [Composer], [Milliseconds], [Bytes], [UnitPrice]) VALUES (49, N'Wake Up', 6, 1, 1, N'Alanis Morissette & Glenn Bballard', 293485, 9703359, 0.99);
INSERT INTO [dbo].[Track] ([TrackId], [Name], [AlbumId], [MediaTypeId], [GenreId], [Composer], [Milliseconds], [Bytes], [UnitPrice]) VALUES (50, N'You Oughta Know (Alternate)', 6, 1, 1, N'Alanis Morissette & Glenn Bballard', 491885, 16008629, 0.99);
INSERT INTO [dbo].[Track] ([TrackId], [Name], [AlbumId], [MediaTypeId], [GenreId], [Composer], [Milliseconds], [Bytes], [UnitPrice]) VALUES (51, N'We fly', 7, 1, 1, N'Jerry Cantrell', 152084, 4925362, 0.99);
INSERT INTO [dbo].[Track] ([TrackId], [Name], [AlbumId], [MediaTypeId], [GenreId], [Composer], [Milliseconds], [Bytes], [UnitPrice]) VALUES (52, N'In The Box', 7, 1, 1, N'Jerry Cantrell, Layne Staley', 286641, 9310272, 0.99);
INSERT INTO [dbo].[Track] ([TrackId], [Name], [AlbumId], [MediaTypeId], [GenreId], [Composer], [Milliseconds], [Bytes], [UnitPrice]) VALUES (53, N'Sea Of Tomorrow', 7, 1, 1, N'Jerry Cantrell', 349831, 11316328, 0.99);
INSERT INTO [dbo].[Track] ([TrackId], [Name], [AlbumId], [MediaTypeId], [GenreId], [Composer], [Milliseconds], [Bytes], [UnitPrice]) VALUES (54, N'Block', 7, 1, 1, N'Jerry Cantrell', 241946, 7847716, 0.99);
INSERT INTO [dbo].[Track] ([TrackId], [Name], [AlbumId], [MediaTypeId], [GenreId], [Composer], [Milliseconds], [Bytes], [UnitPrice]) VALUES (55, N'I Can''t Remember', 7, 1, 1, N'Jerry Cantrell, Layne Staley', 222955, 7302550, 0.99);
INSERT INTO [dbo].[Track] ([TrackId], [Name], [AlbumId], [MediaTypeId], [GenreId], [Composer], [Milliseconds], [Bytes], [UnitPrice]) VALUES (56, N'Love, Love, Love', 7, 1, 1, N'Jerry Cantrell, Layne Staley', 387134, 12575396, 0.99);
INSERT INTO [dbo].[Track] ([TrackId], [Name], [AlbumId], [MediaTypeId], [GenreId], [Composer], [Milliseconds], [Bytes], [UnitPrice]) VALUES (57, N'It Ain''t Like That', 7, 1, 1, N'Jerry Cantrell, Michael Starr, Sean Kinney', 277577, 8993793, 0.99);
INSERT INTO [dbo].[Track] ([TrackId], [Name], [AlbumId], [MediaTypeId], [GenreId], [Composer], [Milliseconds], [Bytes], [UnitPrice]) VALUES (58, N'Sunshine', 7, 1, 1, N'Jerry Cantrell', 284969, 9216057, 0.99);
INSERT INTO [dbo].[Track] ([TrackId], [Name], [AlbumId], [MediaTypeId], [GenreId], [Composer], [Milliseconds], [Bytes], [UnitPrice]) VALUES (59, N'Put You Live', 7, 1, 1, N'Jerry Cantrell', 196231, 6420530, 0.99);
INSERT INTO [dbo].[Track] ([TrackId], [Name], [AlbumId], [MediaTypeId], [GenreId], [Composer], [Milliseconds], [Bytes], [UnitPrice]) VALUES (60, N'Confusion', 7, 1, 1, N'Jerry Cantrell, Michael Starr, Layne Staley', 344163, 11183647, 0.99);
INSERT INTO [dbo].[Track] ([TrackId], [Name], [AlbumId], [MediaTypeId], [GenreId], [Composer], [Milliseconds], [Bytes], [UnitPrice]) VALUES (61, N'I Know Somethin', 7, 1, 1, N'Jerry Cantrell', 261955, 8497788, 0.99);
INSERT INTO [dbo].[Track] ([TrackId], [Name], [AlbumId], [MediaTypeId], [GenreId], [Composer], [Milliseconds], [Bytes], [UnitPrice]) VALUES (62, N'Real Thing', 7, 1, 1, N'Jerry Cantrell, Layne Staley', 243879, 7937731, 0.99);
INSERT INTO [dbo].[Track] ([TrackId], [Name], [AlbumId], [MediaTypeId], [GenreId], [Milliseconds], [Bytes], [UnitPrice]) VALUES (63, N'Destiny', 8, 1, 2, 185338, 5990473, 0.99);
INSERT INTO [dbo].[Track] ([TrackId], [Name], [AlbumId], [MediaTypeId], [GenreId], [Milliseconds], [Bytes], [UnitPrice]) VALUES (64, N'Got Fun', 8, 1, 2, 285048, 9348428, 0.99);
INSERT INTO [dbo].[Track] ([TrackId], [Name], [AlbumId], [MediaTypeId], [GenreId], [Milliseconds], [Bytes], [UnitPrice]) VALUES (65, N'Sam (One Note Samba)', 8, 1, 2, 137273, 4535401, 0.99);
INSERT INTO [dbo].[Track] ([TrackId], [Name], [AlbumId], [MediaTypeId], [GenreId], [Milliseconds], [Bytes], [UnitPrice]) VALUES (66, N'Por', 8, 1, 2, 169900, 5536496, 0.99);
INSERT INTO [dbo].[Track] ([TrackId], [Name], [AlbumId], [MediaTypeId], [GenreId], [Milliseconds], [Bytes], [UnitPrice]) VALUES (67, N'Light', 8, 1, 2, 251977, 8226934, 0.99);
INSERT INTO [dbo].[Track] ([TrackId], [Name], [AlbumId], [MediaTypeId], [GenreId], [Milliseconds], [Bytes], [UnitPrice]) VALUES (68, N'Fotografia', 8, 1, 2, 129227, 4198774, 0.99);
INSERT INTO [dbo].[Track] ([TrackId], [Name], [AlbumId], [MediaTypeId], [GenreId], [Milliseconds], [Bytes], [UnitPrice]) VALUES (69, N'Date (Date)', 8, 1, 2, 253178, 8149148, 0.99);
INSERT INTO [dbo].[Track] ([TrackId], [Name], [AlbumId], [MediaTypeId], [GenreId], [Milliseconds], [Bytes], [UnitPrice]) VALUES (70, N'Set Today (Instrumental)', 8, 1, 2, 134948, 4393377, 0.99);
INSERT INTO [dbo].[Track] ([TrackId], [Name], [AlbumId], [MediaTypeId], [GenreId], [Milliseconds], [Bytes], [UnitPrice]) VALUES (71, N'Fun Light', 8, 1, 2, 219663, 7121735, 0.99);
INSERT INTO [dbo].[Track] ([TrackId], [Name], [AlbumId], [MediaTypeId], [GenreId], [Milliseconds], [Bytes], [UnitPrice]) VALUES (72, N'Animate', 8, 1, 2, 169508, 5574957, 0.99);
INSERT INTO [dbo].[Track] ([TrackId], [Name], [AlbumId], [MediaTypeId], [GenreId], [Milliseconds], [Bytes], [UnitPrice]) VALUES (73, N'Country (Quiet Nights Of Quiet Stars)', 8, 1, 2, 205662, 6687994, 0.99);
INSERT INTO [dbo].[Track] ([TrackId], [Name], [AlbumId], [MediaTypeId], [GenreId], [Milliseconds], [Bytes], [UnitPrice]) VALUES (74, N'Out', 8, 1, 2, 126511, 4110053, 0.99);
INSERT INTO [dbo].[Track] ([TrackId], [Name], [AlbumId], [MediaTypeId], [GenreId], [Milliseconds], [Bytes], [UnitPrice]) VALUES (75, N'O Bottom', 8, 1, 2, 366837, 12089673, 0.99);
INSERT INTO [dbo].[Track] ([TrackId], [Name], [AlbumId], [MediaTypeId], [GenreId], [Milliseconds], [Bytes], [UnitPrice]) VALUES (76, N'Cant', 8, 1, 2, 271856, 8719426, 0.99);
INSERT INTO [dbo].[Track] ([TrackId], [Name], [AlbumId], [MediaTypeId], [GenreId], [Composer], [Milliseconds], [Bytes], [UnitPrice]) VALUES (77, N'Enter Sand', 9, 1, 3, N'Apoc', 221701, 7286305, 0.99);
INSERT INTO [dbo].[Track] ([TrackId], [Name], [AlbumId], [MediaTypeId], [GenreId], [Composer], [Milliseconds], [Bytes], [UnitPrice]) VALUES (78, N'Puppets', 9, 1, 3, N'Apoc', 436453, 14375310, 0.99);
INSERT INTO [dbo].[Track] ([TrackId], [Name], [AlbumId], [MediaTypeId], [GenreId], [Composer], [Milliseconds], [Bytes], [UnitPrice]) VALUES (79, N'Harvester', 9, 1, 3, N'Apoc', 374543, 12372536, 0.99);
INSERT INTO [dbo].[Track] ([TrackId], [Name], [AlbumId], [MediaTypeId], [GenreId], [Composer], [Milliseconds], [Bytes], [UnitPrice]) VALUES (80, N'The Given', 9, 1, 3, N'Apoc', 322925, 10422447, 0.99);
INSERT INTO [dbo].[Track] ([TrackId], [Name], [AlbumId], [MediaTypeId], [GenreId], [Composer], [Milliseconds], [Bytes], [UnitPrice]) VALUES (81, N'But True', 9, 1, 3, N'Apoc', 288208, 9405526, 0.99);
INSERT INTO [dbo].[Track] ([TrackId], [Name], [AlbumId], [MediaTypeId], [GenreId], [Composer], [Milliseconds], [Bytes], [UnitPrice]) VALUES (82, N'Life', 9, 1, 3, N'Apoc', 308035, 10110980, 0.99);
INSERT INTO [dbo].[Track] ([TrackId], [Name], [AlbumId], [MediaTypeId], [GenreId], [Composer], [Milliseconds], [Bytes], [UnitPrice]) VALUES (83, N'Wherever I May Roam', 9, 1, 3, N'Apoc', 369345, 12033110, 0.99);
INSERT INTO [dbo].[Track] ([TrackId], [Name], [AlbumId], [MediaTypeId], [GenreId], [Composer], [Milliseconds], [Bytes], [UnitPrice]) VALUES (84, N'Welcome Home', 9, 1, 3, N'Apoc', 350197, 11406431, 0.99);
INSERT INTO [dbo].[Track] ([TrackId], [Name], [AlbumId], [MediaTypeId], [GenreId], [Composer], [Milliseconds], [Bytes], [UnitPrice]) VALUES (85, N'Cosmos', 10, 1, 1, N'Audio/Chris Cornell', 222380, 5339931, 0.99);
INSERT INTO [dbo].[Track] ([TrackId], [Name], [AlbumId], [MediaTypeId], [GenreId], [Composer], [Milliseconds], [Bytes], [UnitPrice]) VALUES (86, N'Show Stopper', 10, 1, 1, N'Audio/Chris Cornell', 277890, 6672176, 0.99);
INSERT INTO [dbo].[Track] ([TrackId], [Name], [AlbumId], [MediaTypeId], [GenreId], [Composer], [Milliseconds], [Bytes], [UnitPrice]) VALUES (87, N'Gasoline', 10, 1, 1, N'Audio/Chris Cornell', 279457, 6709793, 0.99);
INSERT INTO [dbo].[Track] ([TrackId], [Name], [AlbumId], [MediaTypeId], [GenreId], [Composer], [Milliseconds], [Bytes], [UnitPrice]) VALUES (88, N'What You Are', 10, 1, 1, N'Audio/Chris Cornell', 249391, 5988186, 0.99);
INSERT INTO [dbo].[Track] ([TrackId], [Name], [AlbumId], [MediaTypeId], [GenreId], [Composer], [Milliseconds], [Bytes], [UnitPrice]) VALUES (89, N'Like a Garden', 10, 1, 1, N'Audio/Chris Cornell', 294034, 7059624, 0.99);
INSERT INTO [dbo].[Track] ([TrackId], [Name], [AlbumId], [MediaTypeId], [GenreId], [Composer], [Milliseconds], [Bytes], [UnitPrice]) VALUES (90, N'Set Sail', 10, 1, 1, N'Audio/Chris Cornell', 263262, 6321091, 0.99);
INSERT INTO [dbo].[Track] ([TrackId], [Name], [AlbumId], [MediaTypeId], [GenreId], [Composer], [Milliseconds], [Bytes], [UnitPrice]) VALUES (91, N'On the Sun', 10, 1, 1, N'Audio/Chris Cornell', 343457, 8245793, 0.99);
INSERT INTO [dbo].[Track] ([TrackId], [Name], [AlbumId], [MediaTypeId], [GenreId], [Composer], [Milliseconds], [Bytes], [UnitPrice]) VALUES (92, N'I am the Highway', 10, 1, 1, N'Audio/Chris Cornell', 334942, 8041411, 0.99);
INSERT INTO [dbo].[Track] ([TrackId], [Name], [AlbumId], [MediaTypeId], [GenreId], [Composer], [Milliseconds], [Bytes], [UnitPrice]) VALUES (93, N'Expedite', 10, 1, 1, N'Audio/Chris Cornell', 206053, 4948095, 0.99);
INSERT INTO [dbo].[Track] ([TrackId], [Name], [AlbumId], [MediaTypeId], [GenreId], [Composer], [Milliseconds], [Bytes], [UnitPrice]) VALUES (94, N'Hypnotize', 10, 1, 1, N'Audio/Chris Cornell', 206628, 4961887, 0.99);
INSERT INTO [dbo].[Track] ([TrackId], [Name], [AlbumId], [MediaTypeId], [GenreId], [Composer], [Milliseconds], [Bytes], [UnitPrice]) VALUES (95, N'Bring', 10, 1, 1, N'Audio/Chris Cornell', 329534, 7911634, 0.99);
INSERT INTO [dbo].[Track] ([TrackId], [Name], [AlbumId], [MediaTypeId], [GenreId], [Composer], [Milliseconds], [Bytes], [UnitPrice]) VALUES (96, N'Light', 10, 1, 1, N'Audio/Chris Cornell', 303595, 7289084, 0.99);
INSERT INTO [dbo].[Track] ([TrackId], [Name], [AlbumId], [MediaTypeId], [GenreId], [Composer], [Milliseconds], [Bytes], [UnitPrice]) VALUES (97, N'Car', 10, 1, 1, N'Audio/Chris Cornell', 299598, 7193162, 0.99);
INSERT INTO [dbo].[Track] ([TrackId], [Name], [AlbumId], [MediaTypeId], [GenreId], [Composer], [Milliseconds], [Bytes], [UnitPrice]) VALUES (98, N'The Last', 10, 1, 1, N'Audio/Chris Cornell', 317492, 7622615, 0.99);
INSERT INTO [dbo].[Track] ([TrackId], [Name], [AlbumId], [MediaTypeId], [GenreId], [Composer], [Milliseconds], [Bytes], [UnitPrice]) VALUES (99, N'Your Time', 11, 1, 4, N'Cornell, Commerford, Morello, Wilk', 255529, 8273592, 0.99);
INSERT INTO [dbo].[Track] ([TrackId], [Name], [AlbumId], [MediaTypeId], [GenreId], [Composer], [Milliseconds], [Bytes], [UnitPrice]) VALUES (100, N'Out Of', 11, 1, 4, N'Cornell, Commerford, Morello, Wilk', 291291, 9506571, 0.99);
INSERT INTO [dbo].[Track] ([TrackId], [Name], [AlbumId], [MediaTypeId], [GenreId], [Composer], [Milliseconds], [Bytes], [UnitPrice]) VALUES (101, N'Be Yourself', 11, 1, 4, N'Cornell, Commerford, Morello, Wilk', 279484, 9106160, 0.99);
INSERT INTO [dbo].[Track] ([TrackId], [Name], [AlbumId], [MediaTypeId], [GenreId], [Composer], [Milliseconds], [Bytes], [UnitPrice]) VALUES (102, N'Doesn''t Remind Me', 11, 1, 4, N'Cornell, Commerford, Morello, Wilk', 255869, 8357387, 0.99);
INSERT INTO [dbo].[Track] ([TrackId], [Name], [AlbumId], [MediaTypeId], [GenreId], [Composer], [Milliseconds], [Bytes], [UnitPrice]) VALUES (103, N'Slowly', 11, 1, 4, N'Cornell, Commerford, Morello, Wilk', 233691, 7609178, 0.99);
INSERT INTO [dbo].[Track] ([TrackId], [Name], [AlbumId], [MediaTypeId], [GenreId], [Composer], [Milliseconds], [Bytes], [UnitPrice]) VALUES (104, N'Heaven''s', 11, 1, 4, N'Cornell, Commerford, Morello, Wilk', 276688, 9006158, 0.99);
INSERT INTO [dbo].[Track] ([TrackId], [Name], [AlbumId], [MediaTypeId], [GenreId], [Composer], [Milliseconds], [Bytes], [UnitPrice]) VALUES (105, N'The Worm', 11, 1, 4, N'Cornell, Commerford, Morello, Wilk', 237714, 7710800, 0.99);
INSERT INTO [dbo].[Track] ([TrackId], [Name], [AlbumId], [MediaTypeId], [GenreId], [Composer], [Milliseconds], [Bytes], [UnitPrice]) VALUES (106, N'Animal', 11, 1, 4, N'Cornell, Commerford, Morello, Wilk', 233195, 7542942, 0.99);
INSERT INTO [dbo].[Track] ([TrackId], [Name], [AlbumId], [MediaTypeId], [GenreId], [Composer], [Milliseconds], [Bytes], [UnitPrice]) VALUES (107, N'Yesterday To Tomorrow', 11, 1, 4, N'Cornell, Commerford, Morello, Wilk', 273763, 8944205, 0.99);
INSERT INTO [dbo].[Track] ([TrackId], [Name], [AlbumId], [MediaTypeId], [GenreId], [Composer], [Milliseconds], [Bytes], [UnitPrice]) VALUES (108, N'Dandelion', 11, 1, 4, N'Cornell, Commerford, Morello, Wilk', 278125, 9003592, 0.99);
INSERT INTO [dbo].[Track] ([TrackId], [Name], [AlbumId], [MediaTypeId], [GenreId], [Composer], [Milliseconds], [Bytes], [UnitPrice]) VALUES (109, N'#1 Zero', 11, 1, 4, N'Cornell, Commerford, Morello, Wilk', 299102, 9731988, 0.99);
INSERT INTO [dbo].[Track] ([TrackId], [Name], [AlbumId], [MediaTypeId], [GenreId], [Composer], [Milliseconds], [Bytes], [UnitPrice]) VALUES (110, N'The Car', 11, 1, 4, N'Cornell, Commerford, Morello, Wilk', 309786, 10029406, 0.99);
INSERT INTO [dbo].[Track] ([TrackId], [Name], [AlbumId], [MediaTypeId], [GenreId], [Composer], [Milliseconds], [Bytes], [UnitPrice]) VALUES (111, N'Money', 12, 1, 5, N'Berry Gordy, Jr./Janie Bradford', 147591, 2365897, 0.99);
INSERT INTO [dbo].[Track] ([TrackId], [Name], [AlbumId], [MediaTypeId], [GenreId], [Composer], [Milliseconds], [Bytes], [UnitPrice]) VALUES (112, N'Tall Mountain', 12, 1, 5, N'Enotris Johnson/Little Richard/Robert "Bumps" well', 106396, 1707084, 0.99);
INSERT INTO [dbo].[Track] ([TrackId], [Name], [AlbumId], [MediaTypeId], [GenreId], [Composer], [Milliseconds], [Bytes], [UnitPrice]) VALUES (113, N'Butterfly', 12, 1, 5, N'Larry Williams', 116088, 1862126, 0.99);
INSERT INTO [dbo].[Track] ([TrackId], [Name], [AlbumId], [MediaTypeId], [GenreId], [Composer], [Milliseconds], [Bytes], [UnitPrice]) VALUES (114, N'Twist', 12, 1, 5, N'Bert Russell/Phil Medley', 161123, 2582553, 0.99);
INSERT INTO [dbo].[Track] ([TrackId], [Name], [AlbumId], [MediaTypeId], [GenreId], [Composer], [Milliseconds], [Bytes], [UnitPrice]) VALUES (115, N'Please', 12, 1, 5, N'Brian Holland/Fredfly Gorman/Georgia Dobbins/Robert Bateman/William Garrett', 137639, 2206986, 0.99);
INSERT INTO [dbo].[Track] ([TrackId], [Name], [AlbumId], [MediaTypeId], [GenreId], [Composer], [Milliseconds], [Bytes], [UnitPrice]) VALUES (116, N'C''Mon Everybody', 12, 1, 5, N'Edfly Cochran/Jerry Capehart', 140199, 2247846, 0.99);
INSERT INTO [dbo].[Track] ([TrackId], [Name], [AlbumId], [MediaTypeId], [GenreId], [Composer], [Milliseconds], [Bytes], [UnitPrice]) VALUES (117, N'Rock ''N'' Roll Music', 12, 1, 5, N'Chuck Berry', 141923, 2276788, 0.99);
INSERT INTO [dbo].[Track] ([TrackId], [Name], [AlbumId], [MediaTypeId], [GenreId], [Composer], [Milliseconds], [Bytes], [UnitPrice]) VALUES (118, N'Slow Down', 12, 1, 5, N'Larry Williams', 163265, 2616981, 0.99);
INSERT INTO [dbo].[Track] ([TrackId], [Name], [AlbumId], [MediaTypeId], [GenreId], [Composer], [Milliseconds], [Bytes], [UnitPrice]) VALUES (119, N'Roadrunner', 12, 1, 5, N'Bo Di', 143595, 2301989, 0.99);
INSERT INTO [dbo].[Track] ([TrackId], [Name], [AlbumId], [MediaTypeId], [GenreId], [Composer], [Milliseconds], [Bytes], [UnitPrice]) VALUES (120, N'Carol', 12, 1, 5, N'Chuck Berry', 143830, 2306019, 0.99);
INSERT INTO [dbo].[Track] ([TrackId], [Name], [AlbumId], [MediaTypeId], [GenreId], [Composer], [Milliseconds], [Bytes], [UnitPrice]) VALUES (121, N'Good Night', 12, 1, 5, N'Little Richard', 106266, 1704918, 0.99);
INSERT INTO [dbo].[Track] ([TrackId], [Name], [AlbumId], [MediaTypeId], [GenreId], [Composer], [Milliseconds], [Bytes], [UnitPrice]) VALUES (122, N'20 Flight Rock', 12, 1, 5, N'Ned Fairchild', 107807, 1299960, 0.99);
INSERT INTO [dbo].[Track] ([TrackId], [Name], [AlbumId], [MediaTypeId], [GenreId], [Composer], [Milliseconds], [Bytes], [UnitPrice]) VALUES (123, N'Quadrant', 13, 1, 2, N'Billy Cobham', 261851, 8538199, 0.99);
INSERT INTO [dbo].[Track] ([TrackId], [Name], [AlbumId], [MediaTypeId], [GenreId], [Composer], [Milliseconds], [Bytes], [UnitPrice]) VALUES (124, N'Snoopy''s', 13, 1, 2, N'Billy Cobham', 456071, 15075616, 0.99);
INSERT INTO [dbo].[Track] ([TrackId], [Name], [AlbumId], [MediaTypeId], [GenreId], [Composer], [Milliseconds], [Bytes], [UnitPrice]) VALUES (125, N'Portrait"-Spanish moss', 13, 1, 2, N'Billy Cobham', 248084, 8217867, 0.99);
INSERT INTO [dbo].[Track] ([TrackId], [Name], [AlbumId], [MediaTypeId], [GenreId], [Composer], [Milliseconds], [Bytes], [UnitPrice]) VALUES (126, N'Moon', 13, 1, 2, N'Billy Cobham', 294060, 9714812, 0.99);
INSERT INTO [dbo].[Track] ([TrackId], [Name], [AlbumId], [MediaTypeId], [GenreId], [Composer], [Milliseconds], [Bytes], [UnitPrice]) VALUES (127, N'Stratosphere', 13, 1, 2, N'Billy Cobham', 582086, 19115680, 0.99);
INSERT INTO [dbo].[Track] ([TrackId], [Name], [AlbumId], [MediaTypeId], [GenreId], [Composer], [Milliseconds], [Bytes], [UnitPrice]) VALUES (128, N'The pleasant', 13, 1, 2, N'Billy Cobham', 318066, 10630578, 0.99);
INSERT INTO [dbo].[Track] ([TrackId], [Name], [AlbumId], [MediaTypeId], [GenreId], [Composer], [Milliseconds], [Bytes], [UnitPrice]) VALUES (129, N'So Fun', 13, 1, 2, N'Billy Cobham', 246151, 8230661, 0.99);
INSERT INTO [dbo].[Track] ([TrackId], [Name], [AlbumId], [MediaTypeId], [GenreId], [Composer], [Milliseconds], [Bytes], [UnitPrice]) VALUES (130, N'Do what', 13, 1, 2, N'George', 274155, 9018565, 0.99);
INSERT INTO [dbo].[Track] ([TrackId], [Name], [AlbumId], [MediaTypeId], [GenreId], [Milliseconds], [Bytes], [UnitPrice]) VALUES (131, N'Intro Test', 14, 1, 3, 323683, 10642901, 0.99);
INSERT INTO [dbo].[Track] ([TrackId], [Name], [AlbumId], [MediaTypeId], [GenreId], [Milliseconds], [Bytes], [UnitPrice]) VALUES (132, N'Years', 14, 1, 3, 246987, 8137421, 0.99);
INSERT INTO [dbo].[Track] ([TrackId], [Name], [AlbumId], [MediaTypeId], [GenreId], [Milliseconds], [Bytes], [UnitPrice]) VALUES (133, N'Stronger', 14, 1, 3, 300747, 9869647, 0.99);
INSERT INTO [dbo].[Track] ([TrackId], [Name], [AlbumId], [MediaTypeId], [GenreId], [Milliseconds], [Bytes], [UnitPrice]) VALUES (134, N'All For You', 14, 1, 3, 235833, 7726948, 0.99);
INSERT INTO [dbo].[Track] ([TrackId], [Name], [AlbumId], [MediaTypeId], [GenreId], [Milliseconds], [Bytes], [UnitPrice]) VALUES (135, N'Super Test', 14, 1, 3, 319373, 10513905, 0.99);
INSERT INTO [dbo].[Track] ([TrackId], [Name], [AlbumId], [MediaTypeId], [GenreId], [Milliseconds], [Bytes], [UnitPrice]) VALUES (136, N'Smile', 14, 1, 3, 273606, 9011701, 0.99);
INSERT INTO [dbo].[Track] ([TrackId], [Name], [AlbumId], [MediaTypeId], [GenreId], [Milliseconds], [Bytes], [UnitPrice]) VALUES (137, N'Better Half', 14, 1, 3, 284081, 9355309, 0.99);
INSERT INTO [dbo].[Track] ([TrackId], [Name], [AlbumId], [MediaTypeId], [GenreId], [Milliseconds], [Bytes], [UnitPrice]) VALUES (138, N'Bored', 14, 1, 3, 247327, 8130090, 0.99);
INSERT INTO [dbo].[Track] ([TrackId], [Name], [AlbumId], [MediaTypeId], [GenreId], [Milliseconds], [Bytes], [UnitPrice]) VALUES (139, N'A.N.D.', 14, 1, 3, 266266, 8574746, 0.99);
INSERT INTO [dbo].[Track] ([TrackId], [Name], [AlbumId], [MediaTypeId], [GenreId], [Milliseconds], [Bytes], [UnitPrice]) VALUES (140, N'Born', 14, 1, 3, 282122, 9257358, 0.99);
INSERT INTO [dbo].[Track] ([TrackId], [Name], [AlbumId], [MediaTypeId], [GenreId], [Milliseconds], [Bytes], [UnitPrice]) VALUES (141, N'World', 14, 1, 3, 359157, 11820932, 0.99);
INSERT INTO [dbo].[Track] ([TrackId], [Name], [AlbumId], [MediaTypeId], [GenreId], [Milliseconds], [Bytes], [UnitPrice]) VALUES (142, N'No More', 14, 1, 3, 555075, 18041629, 0.99);
INSERT INTO [dbo].[Track] ([TrackId], [Name], [AlbumId], [MediaTypeId], [GenreId], [Milliseconds], [Bytes], [UnitPrice]) VALUES (143, N'The Begin', 14, 1, 3, 365662, 11965109, 0.99);
INSERT INTO [dbo].[Track] ([TrackId], [Name], [AlbumId], [MediaTypeId], [GenreId], [Milliseconds], [Bytes], [UnitPrice]) VALUES (144, N'Heart Of Gold', 15, 1, 3, 194873, 6417460, 0.99);
INSERT INTO [dbo].[Track] ([TrackId], [Name], [AlbumId], [MediaTypeId], [GenreId], [Milliseconds], [Bytes], [UnitPrice]) VALUES (145, N'Snow', 15, 1, 3, 420022, 13842549, 0.99);
INSERT INTO [dbo].[Track] ([TrackId], [Name], [AlbumId], [MediaTypeId], [GenreId], [Milliseconds], [Bytes], [UnitPrice]) VALUES (146, N'Like A Bird', 15, 1, 3, 276532, 9115657, 0.99);
INSERT INTO [dbo].[Track] ([TrackId], [Name], [AlbumId], [MediaTypeId], [GenreId], [Milliseconds], [Bytes], [UnitPrice]) VALUES (147, N'In The Wall', 15, 1, 3, 284368, 9359475, 0.99);
INSERT INTO [dbo].[Track] ([TrackId], [Name], [AlbumId], [MediaTypeId], [GenreId], [Milliseconds], [Bytes], [UnitPrice]) VALUES (148, N'The Beginning', 15, 1, 3, 271960, 8975814, 0.99);
INSERT INTO [dbo].[Track] ([TrackId], [Name], [AlbumId], [MediaTypeId], [GenreId], [Milliseconds], [Bytes], [UnitPrice]) VALUES (149, N'Blizzard', 16, 1, 3, 382066, 12440200, 0.99);
INSERT INTO [dbo].[Track] ([TrackId], [Name], [AlbumId], [MediaTypeId], [GenreId], [Milliseconds], [Bytes], [UnitPrice]) VALUES (150, N'The Water', 16, 1, 3, 264829, 8646737, 0.99);
INSERT INTO [dbo].[Track] ([TrackId], [Name], [AlbumId], [MediaTypeId], [GenreId], [Milliseconds], [Bytes], [UnitPrice]) VALUES (151, N'Behind The Wallp', 16, 1, 3, 217573, 7169049, 0.99);
INSERT INTO [dbo].[Track] ([TrackId], [Name], [AlbumId], [MediaTypeId], [GenreId], [Milliseconds], [Bytes], [UnitPrice]) VALUES (152, N'Noted', 16, 1, 3, 368770, 12029390, 0.99);
INSERT INTO [dbo].[Track] ([TrackId], [Name], [AlbumId], [MediaTypeId], [GenreId], [Milliseconds], [Bytes], [UnitPrice]) VALUES (153, N'Test 123', 16, 1, 3, 204930, 6655170, 0.99);
INSERT INTO [dbo].[Track] ([TrackId], [Name], [AlbumId], [MediaTypeId], [GenreId], [Milliseconds], [Bytes], [UnitPrice]) VALUES (154, N'Village', 16, 1, 3, 644571, 21128525, 0.99);
INSERT INTO [dbo].[Track] ([TrackId], [Name], [AlbumId], [MediaTypeId], [GenreId], [Milliseconds], [Bytes], [UnitPrice]) VALUES (155, N'Test 1234', 16, 1, 3, 212062, 6893363, 0.99);
INSERT INTO [dbo].[Track] ([TrackId], [Name], [AlbumId], [MediaTypeId], [GenreId], [Composer], [Milliseconds], [Bytes], [UnitPrice]) VALUES (156, N'Wheels Of', 17, 1, 3, N'Tony Iommi, Bill Ward, Butler, Ozzy Osbourne', 494524, 16065830, 0.99);
INSERT INTO [dbo].[Track] ([TrackId], [Name], [AlbumId], [MediaTypeId], [GenreId], [Composer], [Milliseconds], [Bytes], [UnitPrice]) VALUES (157, N'Tomorrow''s Dream', 17, 1, 3, N'Tony Iommi, Bill Ward, Butler, Ozzy Osbourne', 192496, 6252071, 0.99);
INSERT INTO [dbo].[Track] ([TrackId], [Name], [AlbumId], [MediaTypeId], [GenreId], [Composer], [Milliseconds], [Bytes], [UnitPrice]) VALUES (158, N'Changes', 17, 1, 3, N'Tony Iommi, Bill Ward, Butler, Ozzy Osbourne', 286275, 9175517, 0.99);
INSERT INTO [dbo].[Track] ([TrackId], [Name], [AlbumId], [MediaTypeId], [GenreId], [Composer], [Milliseconds], [Bytes], [UnitPrice]) VALUES (159, N'FX', 17, 1, 3, N'Tony Iommi, Bill Ward, Butler, Ozzy Osbourne', 103157, 3331776, 0.99);
INSERT INTO [dbo].[Track] ([TrackId], [Name], [AlbumId], [MediaTypeId], [GenreId], [Composer], [Milliseconds], [Bytes], [UnitPrice]) VALUES (160, N'Super', 17, 1, 3, N'Tony Iommi, Bill Ward, Butler, Ozzy Osbourne', 285779, 9245971, 0.99);
INSERT INTO [dbo].[Track] ([TrackId], [Name], [AlbumId], [MediaTypeId], [GenreId], [Composer], [Milliseconds], [Bytes], [UnitPrice]) VALUES (161, N'Snow', 17, 1, 3, N'Tony Iommi, Bill Ward, Butler, Ozzy Osbourne', 331676, 10813386, 0.99);
INSERT INTO [dbo].[Track] ([TrackId], [Name], [AlbumId], [MediaTypeId], [GenreId], [Composer], [Milliseconds], [Bytes], [UnitPrice]) VALUES (162, N'Corn', 17, 1, 3, N'Tony Iommi, Bill Ward, Butler, Ozzy Osbourne', 234814, 7653880, 0.99);
INSERT INTO [dbo].[Track] ([TrackId], [Name], [AlbumId], [MediaTypeId], [GenreId], [Composer], [Milliseconds], [Bytes], [UnitPrice]) VALUES (163, N'Laguna', 17, 1, 3, N'Tony Iommi, Bill Ward, Butler, Ozzy Osbourne', 173087, 5671374, 0.99);
INSERT INTO [dbo].[Track] ([TrackId], [Name], [AlbumId], [MediaTypeId], [GenreId], [Composer], [Milliseconds], [Bytes], [UnitPrice]) VALUES (164, N'St. Dance', 17, 1, 3, N'Tony Iommi, Bill Ward, Butler, Ozzy Osbourne', 149655, 4884969, 0.99);
INSERT INTO [dbo].[Track] ([TrackId], [Name], [AlbumId], [MediaTypeId], [GenreId], [Composer], [Milliseconds], [Bytes], [UnitPrice]) VALUES (165, N'Under The Sun', 17, 1, 3, N'Tony Iommi, Bill Ward, Butler, Ozzy Osbourne', 350458, 11360486, 0.99);
INSERT INTO [dbo].[Track] ([TrackId], [Name], [AlbumId], [MediaTypeId], [GenreId], [Milliseconds], [Bytes], [UnitPrice]) VALUES (166, N'Test 65', 18, 1, 4, 47333, 1549074, 0.99);
INSERT INTO [dbo].[Track] ([TrackId], [Name], [AlbumId], [MediaTypeId], [GenreId], [Milliseconds], [Bytes], [UnitPrice]) VALUES (167, N'In The House', 18, 1, 4, 204251, 6715413, 0.99);
INSERT INTO [dbo].[Track] ([TrackId], [Name], [AlbumId], [MediaTypeId], [GenreId], [Milliseconds], [Bytes], [UnitPrice]) VALUES (168, N'Now Sports', 18, 1, 4, 4884, 161266, 0.99);
INSERT INTO [dbo].[Track] ([TrackId], [Name], [AlbumId], [MediaTypeId], [GenreId], [Milliseconds], [Bytes], [UnitPrice]) VALUES (169, N'Count', 18, 1, 4, 317936, 10489139, 0.99);
INSERT INTO [dbo].[Track] ([TrackId], [Name], [AlbumId], [MediaTypeId], [GenreId], [Milliseconds], [Bytes], [UnitPrice]) VALUES (170, N'Statistics', 18, 1, 4, 6373, 211997, 0.99);
INSERT INTO [dbo].[Track] ([TrackId], [Name], [AlbumId], [MediaTypeId], [GenreId], [Milliseconds], [Bytes], [UnitPrice]) VALUES (171, N'Best', 18, 1, 4, 223216, 7324125, 0.99);
INSERT INTO [dbo].[Track] ([TrackId], [Name], [AlbumId], [MediaTypeId], [GenreId], [Milliseconds], [Bytes], [UnitPrice]) VALUES (172, N'The Real', 18, 1, 4, 11650, 387360, 0.99);
INSERT INTO [dbo].[Track] ([TrackId], [Name], [AlbumId], [MediaTypeId], [GenreId], [Milliseconds], [Bytes], [UnitPrice]) VALUES (173, N'Fun Fun', 18, 1, 4, 173008, 5709631, 0.99);
INSERT INTO [dbo].[Track] ([TrackId], [Name], [AlbumId], [MediaTypeId], [GenreId], [Milliseconds], [Bytes], [UnitPrice]) VALUES (174, N'Note', 18, 1, 4, 95738, 3067064, 0.99);
INSERT INTO [dbo].[Track] ([TrackId], [Name], [AlbumId], [MediaTypeId], [GenreId], [Milliseconds], [Bytes], [UnitPrice]) VALUES (175, N'Voice', 18, 1, 4, 300721, 9875962, 0.99);
INSERT INTO [dbo].[Track] ([TrackId], [Name], [AlbumId], [MediaTypeId], [GenreId], [Milliseconds], [Bytes], [UnitPrice]) VALUES (176, N'The Winner', 18, 1, 4, 392254, 12843821, 0.99);
INSERT INTO [dbo].[Track] ([TrackId], [Name], [AlbumId], [MediaTypeId], [GenreId], [Milliseconds], [Bytes], [UnitPrice]) VALUES (177, N'There Goes The', 18, 1, 4, 350171, 11443471, 0.99);
INSERT INTO [dbo].[Track] ([TrackId], [Name], [AlbumId], [MediaTypeId], [GenreId], [Milliseconds], [Bytes], [UnitPrice]) VALUES (178, N'Oprah', 18, 1, 4, 6635, 224313, 0.99);
INSERT INTO [dbo].[Track] ([TrackId], [Name], [AlbumId], [MediaTypeId], [GenreId], [Milliseconds], [Bytes], [UnitPrice]) VALUES (179, N'Mick', 18, 1, 4, 239020, 7828873, 0.99);
INSERT INTO [dbo].[Track] ([TrackId], [Name], [AlbumId], [MediaTypeId], [GenreId], [Milliseconds], [Bytes], [UnitPrice]) VALUES (180, N'Anthem', 18, 1, 4, 166426, 5463690, 0.99);
INSERT INTO [dbo].[Track] ([TrackId], [Name], [AlbumId], [MediaTypeId], [GenreId], [Milliseconds], [Bytes], [UnitPrice]) VALUES (181, N'Momma''s', 18, 1, 4, 371539, 12122946, 0.99);
INSERT INTO [dbo].[Track] ([TrackId], [Name], [AlbumId], [MediaTypeId], [GenreId], [Milliseconds], [Bytes], [UnitPrice]) VALUES (182, N'Speech', 18, 1, 4, 281234, 9337917, 0.99);
INSERT INTO [dbo].[Track] ([TrackId], [Name], [AlbumId], [MediaTypeId], [GenreId], [Composer], [Milliseconds], [Bytes], [UnitPrice]) VALUES (183, N'King', 19, 1, 3, N'Roy Z', 283167, 9218499, 0.99);
INSERT INTO [dbo].[Track] ([TrackId], [Name], [AlbumId], [MediaTypeId], [GenreId], [Composer], [Milliseconds], [Bytes], [UnitPrice]) VALUES (184, N'Wedding', 19, 1, 3, N'Roy Z', 246177, 8022764, 0.99);
INSERT INTO [dbo].[Track] ([TrackId], [Name], [AlbumId], [MediaTypeId], [GenreId], [Composer], [Milliseconds], [Bytes], [UnitPrice]) VALUES (185, N'The Tower', 19, 1, 3, N'Roy Z', 285257, 9435693, 0.99);
INSERT INTO [dbo].[Track] ([TrackId], [Name], [AlbumId], [MediaTypeId], [GenreId], [Composer], [Milliseconds], [Bytes], [UnitPrice]) VALUES (186, N'Floor', 19, 1, 3, N'Adrian Smith', 269557, 8854240, 0.99);
INSERT INTO [dbo].[Track] ([TrackId], [Name], [AlbumId], [MediaTypeId], [GenreId], [Composer], [Milliseconds], [Bytes], [UnitPrice]) VALUES (187, N'Book Of', 19, 1, 3, N'Edfly Casillas/Roy Z', 494393, 16034404, 0.99);
INSERT INTO [dbo].[Track] ([TrackId], [Name], [AlbumId], [MediaTypeId], [GenreId], [Composer], [Milliseconds], [Bytes], [UnitPrice]) VALUES (188, N'Gates Of', 19, 1, 3, N'Roy Z', 265351, 8627004, 0.99);
INSERT INTO [dbo].[Track] ([TrackId], [Name], [AlbumId], [MediaTypeId], [GenreId], [Composer], [Milliseconds], [Bytes], [UnitPrice]) VALUES (189, N'Jer', 19, 1, 3, N'Roy Z', 402390, 13194463, 0.99);
INSERT INTO [dbo].[Track] ([TrackId], [Name], [AlbumId], [MediaTypeId], [GenreId], [Composer], [Milliseconds], [Bytes], [UnitPrice]) VALUES (190, N'Tru', 19, 1, 3, N'Roy Z', 359131, 11820908, 0.99);
INSERT INTO [dbo].[Track] ([TrackId], [Name], [AlbumId], [MediaTypeId], [GenreId], [Composer], [Milliseconds], [Bytes], [UnitPrice]) VALUES (191, N'Machine', 19, 1, 3, N'Adrian Smith', 341655, 11138147, 0.99);
INSERT INTO [dbo].[Track] ([TrackId], [Name], [AlbumId], [MediaTypeId], [GenreId], [Composer], [Milliseconds], [Bytes], [UnitPrice]) VALUES (192, N'The Alchemist', 19, 1, 3, N'Roy Z', 509413, 16545657, 0.99);
INSERT INTO [dbo].[Track] ([TrackId], [Name], [AlbumId], [MediaTypeId], [GenreId], [Composer], [Milliseconds], [Bytes], [UnitPrice]) VALUES (193, N'Realword', 19, 1, 3, N'Roy Z', 237531, 7802095, 0.99);
INSERT INTO [dbo].[Track] ([TrackId], [Name], [AlbumId], [MediaTypeId], [GenreId], [Composer], [Milliseconds], [Bytes], [UnitPrice]) VALUES (194, N'First Time I Met The Blues', 20, 1, 6, N'Eurreal Montgomery', 140434, 4604995, 0.99);
INSERT INTO [dbo].[Track] ([TrackId], [Name], [AlbumId], [MediaTypeId], [GenreId], [Composer], [Milliseconds], [Bytes], [UnitPrice]) VALUES (195, N'Let', 20, 1, 6, N'Willie Dixon', 175386, 5716994, 0.99);
INSERT INTO [dbo].[Track] ([TrackId], [Name], [AlbumId], [MediaTypeId], [GenreId], [Composer], [Milliseconds], [Bytes], [UnitPrice]) VALUES (196, N'Crazy', 20, 1, 6, N'Buddy Guy', 433397, 14184984, 0.99);
INSERT INTO [dbo].[Track] ([TrackId], [Name], [AlbumId], [MediaTypeId], [GenreId], [Composer], [Milliseconds], [Bytes], [UnitPrice]) VALUES (197, N'Pretty fun', 20, 1, 6, N'Willie Dixon', 237662, 7848282, 0.99);
INSERT INTO [dbo].[Track] ([TrackId], [Name], [AlbumId], [MediaTypeId], [GenreId], [Composer], [Milliseconds], [Bytes], [UnitPrice]) VALUES (198, N'When Jumps', 20, 1, 6, N'Al Perkins/Willie Dixon', 235311, 7685363, 0.99);
INSERT INTO [dbo].[Track] ([TrackId], [Name], [AlbumId], [MediaTypeId], [GenreId], [Composer], [Milliseconds], [Bytes], [UnitPrice]) VALUES (199, N'Leave', 20, 1, 6, N'Buddy Guy', 204721, 6859518, 0.99);
INSERT INTO [dbo].[Track] ([TrackId], [Name], [AlbumId], [MediaTypeId], [GenreId], [Composer], [Milliseconds], [Bytes], [UnitPrice]) VALUES (200, N'To A Tee', 20, 1, 6, N'Buddy Guy', 136803, 4456321, 0.99);
INSERT INTO [dbo].[Track] ([TrackId], [Name], [AlbumId], [MediaTypeId], [GenreId], [Composer], [Milliseconds], [Bytes], [UnitPrice]) VALUES (201, N'Keep It', 20, 1, 6, N'Sonny Boy Williamson [I]', 166060, 5487056, 0.99);
INSERT INTO [dbo].[Track] ([TrackId], [Name], [AlbumId], [MediaTypeId], [GenreId], [Composer], [Milliseconds], [Bytes], [UnitPrice]) VALUES (202, N'My Time', 20, 1, 6, N'Robert Geddins/Ron Badger/Sheldon Feinberg', 182491, 6022698, 0.99);
INSERT INTO [dbo].[Track] ([TrackId], [Name], [AlbumId], [MediaTypeId], [GenreId], [Composer], [Milliseconds], [Bytes], [UnitPrice]) VALUES (203, N'Ways (Alternate)', 20, 1, 6, N'Willie Dixon', 135053, 4459946, 0.99);
INSERT INTO [dbo].[Track] ([TrackId], [Name], [AlbumId], [MediaTypeId], [GenreId], [Composer], [Milliseconds], [Bytes], [UnitPrice]) VALUES (204, N'Talkin'' ''Obviously', 20, 1, 6, N'Amos Blakemore/Buddy Guy', 589531, 19161377, 0.99);
INSERT INTO [dbo].[Track] ([TrackId], [Name], [AlbumId], [MediaTypeId], [GenreId], [Composer], [Milliseconds], [Bytes], [UnitPrice]) VALUES (205, N'Jorge Da Capadócia', 21, 1, 7, N'Jorge Ben', 177397, 5842196, 0.99);
INSERT INTO [dbo].[Track] ([TrackId], [Name], [AlbumId], [MediaTypeId], [GenreId], [Composer], [Milliseconds], [Bytes], [UnitPrice]) VALUES (206, N'Pre', 21, 1, 7, N'Tradicional', 99369, 3225364, 0.99);
INSERT INTO [dbo].[Track] ([TrackId], [Name], [AlbumId], [MediaTypeId], [GenreId], [Composer], [Milliseconds], [Bytes], [UnitPrice]) VALUES (207, N'Medit', 21, 1, 7, N'Tom Jobim - Newton Mendoça', 148793, 4865597, 0.99);
INSERT INTO [dbo].[Track] ([TrackId], [Name], [AlbumId], [MediaTypeId], [GenreId], [Composer], [Milliseconds], [Bytes], [UnitPrice]) VALUES (208, N'Terra', 21, 1, 7, N'Caetano Veloso', 482429, 15889054, 0.99);
INSERT INTO [dbo].[Track] ([TrackId], [Name], [AlbumId], [MediaTypeId], [GenreId], [Composer], [Milliseconds], [Bytes], [UnitPrice]) VALUES (209, N'Eclipse', 21, 1, 7, N'Caetano Veloso', 221936, 7382703, 0.99);
INSERT INTO [dbo].[Track] ([TrackId], [Name], [AlbumId], [MediaTypeId], [GenreId], [Composer], [Milliseconds], [Bytes], [UnitPrice]) VALUES (210, N'Tropical', 21, 1, 7, N'Caetano Veloso', 84088, 2752161, 0.99);
INSERT INTO [dbo].[Track] ([TrackId], [Name], [AlbumId], [MediaTypeId], [GenreId], [Composer], [Milliseconds], [Bytes], [UnitPrice]) VALUES (211, N'Be', 21, 1, 7, N'Gilberto Gil', 133172, 4333651, 0.99);
INSERT INTO [dbo].[Track] ([TrackId], [Name], [AlbumId], [MediaTypeId], [GenreId], [Composer], [Milliseconds], [Bytes], [UnitPrice]) VALUES (212, N'Dr', 21, 1, 7, N'Gilberto Gil', 156264, 5065932, 0.99);
INSERT INTO [dbo].[Track] ([TrackId], [Name], [AlbumId], [MediaTypeId], [GenreId], [Composer], [Milliseconds], [Bytes], [UnitPrice]) VALUES (213, N'So', 21, 1, 7, N'Caetano Veloso', 144326, 4726981, 0.99);
INSERT INTO [dbo].[Track] ([TrackId], [Name], [AlbumId], [MediaTypeId], [GenreId], [Composer], [Milliseconds], [Bytes], [UnitPrice]) VALUES (214, N'Carolina', 21, 1, 7, N'Chico Buarque', 181812, 5924159, 0.99);
INSERT INTO [dbo].[Track] ([TrackId], [Name], [AlbumId], [MediaTypeId], [GenreId], [Composer], [Milliseconds], [Bytes], [UnitPrice]) VALUES (215, N'Soz', 21, 1, 7, N'Peninha', 190589, 6253200, 0.99);
INSERT INTO [dbo].[Track] ([TrackId], [Name], [AlbumId], [MediaTypeId], [GenreId], [Composer], [Milliseconds], [Bytes], [UnitPrice]) VALUES (216, N'Car', 21, 1, 7, N'Caetano Veloso', 223111, 7217126, 0.99);
INSERT INTO [dbo].[Track] ([TrackId], [Name], [AlbumId], [MediaTypeId], [GenreId], [Composer], [Milliseconds], [Bytes], [UnitPrice]) VALUES (217, N'Mel', 21, 1, 7, N'Caetano Veloso - Waly Salomão', 294765, 9854062, 0.99);
INSERT INTO [dbo].[Track] ([TrackId], [Name], [AlbumId], [MediaTypeId], [GenreId], [Composer], [Milliseconds], [Bytes], [UnitPrice]) VALUES (218, N'Lquador', 21, 1, 7, N'Caetano Veloso - Djavan', 299337, 10003747, 0.99);
INSERT INTO [dbo].[Track] ([TrackId], [Name], [AlbumId], [MediaTypeId], [GenreId], [Composer], [Milliseconds], [Bytes], [UnitPrice]) VALUES (219, N'Test5656', 21, 1, 7, N'Caetano Veloso', 141270, 4704104, 0.99);
INSERT INTO [dbo].[Track] ([TrackId], [Name], [AlbumId], [MediaTypeId], [GenreId], [Composer], [Milliseconds], [Bytes], [UnitPrice]) VALUES (220, N'A Far Away', 21, 1, 7, N'Caetano Veloso', 251742, 8507446, 0.99);
INSERT INTO [dbo].[Track] ([TrackId], [Name], [AlbumId], [MediaTypeId], [GenreId], [Composer], [Milliseconds], [Bytes], [UnitPrice]) VALUES (221, N'A Happy', 21, 1, 7, N'David Corrêa - Paulinho Carvalho - Carlos Sena - Bira do Ponto', 307252, 10364247, 0.99);
INSERT INTO [dbo].[Track] ([TrackId], [Name], [AlbumId], [MediaTypeId], [GenreId], [Composer], [Milliseconds], [Bytes], [UnitPrice]) VALUES (222, N'Vi', 21, 1, 7, N'Fausto Nilo - Armandinho', 281730, 9411272, 0.99);
INSERT INTO [dbo].[Track] ([TrackId], [Name], [AlbumId], [MediaTypeId], [GenreId], [Milliseconds], [Bytes], [UnitPrice]) VALUES (223, N'Flexidy', 22, 1, 7, 436636, 14462072, 0.99);
INSERT INTO [dbo].[Track] ([TrackId], [Name], [AlbumId], [MediaTypeId], [GenreId], [Milliseconds], [Bytes], [UnitPrice]) VALUES (224, N'Veribet', 22, 1, 7, 195004, 6455134, 0.99);
INSERT INTO [dbo].[Track] ([TrackId], [Name], [AlbumId], [MediaTypeId], [GenreId], [Milliseconds], [Bytes], [UnitPrice]) VALUES (225, N'Lotstring', 22, 1, 7, 328071, 10975007, 0.99);
INSERT INTO [dbo].[Track] ([TrackId], [Name], [AlbumId], [MediaTypeId], [GenreId], [Milliseconds], [Bytes], [UnitPrice]) VALUES (226, N'Carolina', 23, 1, 7, 163056, 5375395, 0.99);
INSERT INTO [dbo].[Track] ([TrackId], [Name], [AlbumId], [MediaTypeId], [GenreId], [Milliseconds], [Bytes], [UnitPrice]) VALUES (227, N'Bitwolf', 23, 1, 7, 167235, 5568574, 0.99);
INSERT INTO [dbo].[Track] ([TrackId], [Name], [AlbumId], [MediaTypeId], [GenreId], [Milliseconds], [Bytes], [UnitPrice]) VALUES (228, N'Sonair', 23, 1, 7, 369763, 12359161, 0.99);
INSERT INTO [dbo].[Track] ([TrackId], [Name], [AlbumId], [MediaTypeId], [GenreId], [Milliseconds], [Bytes], [UnitPrice]) VALUES (229, N'Solarbreeze', 23, 1, 7, 162429, 5431854, 0.99);
INSERT INTO [dbo].[Track] ([TrackId], [Name], [AlbumId], [MediaTypeId], [GenreId], [Milliseconds], [Bytes], [UnitPrice]) VALUES (230, N'Home Ing', 23, 1, 7, 283402, 9499590, 0.99);
INSERT INTO [dbo].[Track] ([TrackId], [Name], [AlbumId], [MediaTypeId], [GenreId], [Milliseconds], [Bytes], [UnitPrice]) VALUES (231, N'Redhold', 23, 1, 7, 189675, 6132843, 0.99);
INSERT INTO [dbo].[Track] ([TrackId], [Name], [AlbumId], [MediaTypeId], [GenreId], [Milliseconds], [Bytes], [UnitPrice]) VALUES (232, N'Voltsillam', 23, 1, 7, 172120, 5645703, 0.99);
INSERT INTO [dbo].[Track] ([TrackId], [Name], [AlbumId], [MediaTypeId], [GenreId], [Milliseconds], [Bytes], [UnitPrice]) VALUES (233, N'Trippledex', 23, 1, 7, 167288, 5574848, 0.99);
INSERT INTO [dbo].[Track] ([TrackId], [Name], [AlbumId], [MediaTypeId], [GenreId], [Milliseconds], [Bytes], [UnitPrice]) VALUES (234, N'Konklux', 23, 1, 7, 186801, 6373932, 0.99);
INSERT INTO [dbo].[Track] ([TrackId], [Name], [AlbumId], [MediaTypeId], [GenreId], [Milliseconds], [Bytes], [UnitPrice]) VALUES (235, N'Alpha', 23, 1, 7, 234501, 7886937, 0.99);
INSERT INTO [dbo].[Track] ([TrackId], [Name], [AlbumId], [MediaTypeId], [GenreId], [Milliseconds], [Bytes], [UnitPrice]) VALUES (236, N'Alphazap', 23, 1, 7, 132493, 4349539, 0.99);
INSERT INTO [dbo].[Track] ([TrackId], [Name], [AlbumId], [MediaTypeId], [GenreId], [Milliseconds], [Bytes], [UnitPrice]) VALUES (237, N'Keylex', 23, 1, 7, 182256, 6029673, 0.99);
INSERT INTO [dbo].[Track] ([TrackId], [Name], [AlbumId], [MediaTypeId], [GenreId], [Milliseconds], [Bytes], [UnitPrice]) VALUES (238, N'Fixflex', 23, 1, 7, 175386, 5846442, 0.99);
INSERT INTO [dbo].[Track] ([TrackId], [Name], [AlbumId], [MediaTypeId], [GenreId], [Milliseconds], [Bytes], [UnitPrice]) VALUES (239, N'Solarbreeze', 23, 1, 7, 214099, 7270749, 0.99);
INSERT INTO [dbo].[Track] ([TrackId], [Name], [AlbumId], [MediaTypeId], [GenreId], [Milliseconds], [Bytes], [UnitPrice]) VALUES (240, N'Duobam', 23, 1, 7, 260257, 8778172, 0.99);
INSERT INTO [dbo].[Track] ([TrackId], [Name], [AlbumId], [MediaTypeId], [GenreId], [Milliseconds], [Bytes], [UnitPrice]) VALUES (241, N'Vagram', 23, 1, 7, 317570, 10342226, 0.99);
INSERT INTO [dbo].[Track] ([TrackId], [Name], [AlbumId], [MediaTypeId], [GenreId], [Milliseconds], [Bytes], [UnitPrice]) VALUES (242, N'Stronghold', 23, 1, 7, 169717, 5461468, 0.99);
INSERT INTO [dbo].[Track] ([TrackId], [Name], [AlbumId], [MediaTypeId], [GenreId], [Milliseconds], [Bytes], [UnitPrice]) VALUES (243, N'Domainer', 23, 1, 7, 139154, 4693941, 0.99);
INSERT INTO [dbo].[Track] ([TrackId], [Name], [AlbumId], [MediaTypeId], [GenreId], [Milliseconds], [Bytes], [UnitPrice]) VALUES (244, N'Temp', 23, 1, 7, 153208, 5074189, 0.99);
INSERT INTO [dbo].[Track] ([TrackId], [Name], [AlbumId], [MediaTypeId], [GenreId], [Milliseconds], [Bytes], [UnitPrice]) VALUES (245, N'Job', 23, 1, 7, 383059, 12675305, 0.99);
INSERT INTO [dbo].[Track] ([TrackId], [Name], [AlbumId], [MediaTypeId], [GenreId], [Composer], [Milliseconds], [Bytes], [UnitPrice]) VALUES (246, N'Rank', 24, 1, 7, N'Chico Science', 33149, 1103013, 0.99);
INSERT INTO [dbo].[Track] ([TrackId], [Name], [AlbumId], [MediaTypeId], [GenreId], [Composer], [Milliseconds], [Bytes], [UnitPrice]) VALUES (247, N'Andalax', 24, 1, 7, N'Chico Science', 200933, 6724966, 0.99);
INSERT INTO [dbo].[Track] ([TrackId], [Name], [AlbumId], [MediaTypeId], [GenreId], [Composer], [Milliseconds], [Bytes], [UnitPrice]) VALUES (248, N'Regrant', 24, 1, 7, N'Chico Science', 152555, 5061413, 0.99);
INSERT INTO [dbo].[Track] ([TrackId], [Name], [AlbumId], [MediaTypeId], [GenreId], [Composer], [Milliseconds], [Bytes], [UnitPrice]) VALUES (249, N'Alpha55', 24, 1, 7, N'Chico Science', 151823, 5042447, 0.99);
INSERT INTO [dbo].[Track] ([TrackId], [Name], [AlbumId], [MediaTypeId], [GenreId], [Composer], [Milliseconds], [Bytes], [UnitPrice]) VALUES (250, N'Subin', 24, 1, 7, N'Chico Science', 249600, 8253934, 0.99);
INSERT INTO [dbo].[Track] ([TrackId], [Name], [AlbumId], [MediaTypeId], [GenreId], [Composer], [Milliseconds], [Bytes], [UnitPrice]) VALUES (251, N'Stim', 24, 1, 7, N'Chico Science', 240091, 7984291, 0.99);
INSERT INTO [dbo].[Track] ([TrackId], [Name], [AlbumId], [MediaTypeId], [GenreId], [Composer], [Milliseconds], [Bytes], [UnitPrice]) VALUES (252, N'Alphazap', 24, 1, 7, N'Chico Science', 227317, 7541688, 0.99);
INSERT INTO [dbo].[Track] ([TrackId], [Name], [AlbumId], [MediaTypeId], [GenreId], [Composer], [Milliseconds], [Bytes], [UnitPrice]) VALUES (253, N'Lotstring', 24, 1, 7, N'Chico Science', 284264, 9670057, 0.99);
INSERT INTO [dbo].[Track] ([TrackId], [Name], [AlbumId], [MediaTypeId], [GenreId], [Composer], [Milliseconds], [Bytes], [UnitPrice]) VALUES (254, N'Otcom', 24, 1, 7, N'Chico Science', 99108, 3240816, 0.99);
INSERT INTO [dbo].[Track] ([TrackId], [Name], [AlbumId], [MediaTypeId], [GenreId], [Composer], [Milliseconds], [Bytes], [UnitPrice]) VALUES (255, N'Alpha', 24, 1, 7, N'Chico Science', 232672, 7714954, 0.99);
INSERT INTO [dbo].[Track] ([TrackId], [Name], [AlbumId], [MediaTypeId], [GenreId], [Composer], [Milliseconds], [Bytes], [UnitPrice]) VALUES (256, N'Konklux', 24, 1, 7, N'Chico Science', 240091, 7960868, 0.99);
INSERT INTO [dbo].[Track] ([TrackId], [Name], [AlbumId], [MediaTypeId], [GenreId], [Composer], [Milliseconds], [Bytes], [UnitPrice]) VALUES (257, N'Hatity', 24, 1, 7, N'Chico Science', 194560, 6475159, 0.99);
INSERT INTO [dbo].[Track] ([TrackId], [Name], [AlbumId], [MediaTypeId], [GenreId], [Composer], [Milliseconds], [Bytes], [UnitPrice]) VALUES (258, N'Biodex', 24, 1, 7, N'Chico Science', 126615, 4272821, 0.99);
INSERT INTO [dbo].[Track] ([TrackId], [Name], [AlbumId], [MediaTypeId], [GenreId], [Composer], [Milliseconds], [Bytes], [UnitPrice]) VALUES (259, N'Viva', 24, 1, 7, N'Chico Science', 152659, 5198539, 0.99);
INSERT INTO [dbo].[Track] ([TrackId], [Name], [AlbumId], [MediaTypeId], [GenreId], [Composer], [Milliseconds], [Bytes], [UnitPrice]) VALUES (260, N'Hatity', 24, 1, 7, N'Chico Science', 132231, 4415557, 0.99);
INSERT INTO [dbo].[Track] ([TrackId], [Name], [AlbumId], [MediaTypeId], [GenreId], [Composer], [Milliseconds], [Bytes], [UnitPrice]) VALUES (261, N'Lotstring', 24, 1, 7, N'Chico Science', 88764, 2968650, 0.99);
INSERT INTO [dbo].[Track] ([TrackId], [Name], [AlbumId], [MediaTypeId], [GenreId], [Composer], [Milliseconds], [Bytes], [UnitPrice]) VALUES (262, N'Wrapsafe', 24, 1, 7, N'Chico Science', 71627, 2408550, 0.99);
INSERT INTO [dbo].[Track] ([TrackId], [Name], [AlbumId], [MediaTypeId], [GenreId], [Composer], [Milliseconds], [Bytes], [UnitPrice]) VALUES (263, N'Flowdesk', 24, 1, 7, N'Chico Science', 208222, 6984813, 0.99);
INSERT INTO [dbo].[Track] ([TrackId], [Name], [AlbumId], [MediaTypeId], [GenreId], [Composer], [Milliseconds], [Bytes], [UnitPrice]) VALUES (264, N'Alphasdfsdf', 24, 1, 7, N'Chico Science', 175333, 5881293, 0.99);
INSERT INTO [dbo].[Track] ([TrackId], [Name], [AlbumId], [MediaTypeId], [GenreId], [Composer], [Milliseconds], [Bytes], [UnitPrice]) VALUES (265, N'Lotlux', 24, 1, 7, N'Chico Science', 272431, 8911641, 0.99);
INSERT INTO [dbo].[Track] ([TrackId], [Name], [AlbumId], [MediaTypeId], [GenreId], [Composer], [Milliseconds], [Bytes], [UnitPrice]) VALUES (266, N'Zaam-Dox', 24, 1, 7, N'Chico Science', 273084, 9019677, 0.99);
INSERT INTO [dbo].[Track] ([TrackId], [Name], [AlbumId], [MediaTypeId], [GenreId], [Composer], [Milliseconds], [Bytes], [UnitPrice]) VALUES (267, N'Fintone', 24, 1, 7, N'Chico Science', 210155, 6986421, 0.99);
INSERT INTO [dbo].[Track] ([TrackId], [Name], [AlbumId], [MediaTypeId], [GenreId], [Composer], [Milliseconds], [Bytes], [UnitPrice]) VALUES (268, N'Solarbreeze', 24, 1, 7, N'Chico Science', 221492, 7380787, 0.99);
INSERT INTO [dbo].[Track] ([TrackId], [Name], [AlbumId], [MediaTypeId], [GenreId], [Milliseconds], [Bytes], [UnitPrice]) VALUES (269, N'Gembucket', 25, 1, 7, 307095, 10251097, 0.99);
INSERT INTO [dbo].[Track] ([TrackId], [Name], [AlbumId], [MediaTypeId], [GenreId], [Milliseconds], [Bytes], [UnitPrice]) VALUES (270, N'Transcof', 25, 1, 7, 243644, 8147224, 0.99);
INSERT INTO [dbo].[Track] ([TrackId], [Name], [AlbumId], [MediaTypeId], [GenreId], [Milliseconds], [Bytes], [UnitPrice]) VALUES (271, N'Namfix', 25, 1, 7, 286720, 9659152, 0.99);
INSERT INTO [dbo].[Track] ([TrackId], [Name], [AlbumId], [MediaTypeId], [GenreId], [Milliseconds], [Bytes], [UnitPrice]) VALUES (272, N'Cardify', 25, 1, 7, 216346, 7241817, 0.99);
INSERT INTO [dbo].[Track] ([TrackId], [Name], [AlbumId], [MediaTypeId], [GenreId], [Milliseconds], [Bytes], [UnitPrice]) VALUES (273, N'Tres-Zap', 25, 1, 7, 183640, 6172781, 0.99);
INSERT INTO [dbo].[Track] ([TrackId], [Name], [AlbumId], [MediaTypeId], [GenreId], [Milliseconds], [Bytes], [UnitPrice]) VALUES (274, N'Rank', 25, 1, 7, 271856, 9095410, 0.99);
INSERT INTO [dbo].[Track] ([TrackId], [Name], [AlbumId], [MediaTypeId], [GenreId], [Milliseconds], [Bytes], [UnitPrice]) VALUES (275, N'Subin', 25, 1, 7, 251559, 8378065, 0.99);
INSERT INTO [dbo].[Track] ([TrackId], [Name], [AlbumId], [MediaTypeId], [GenreId], [Milliseconds], [Bytes], [UnitPrice]) VALUES (276, N'Cardify', 25, 1, 7, 88868, 2901397, 0.99);
INSERT INTO [dbo].[Track] ([TrackId], [Name], [AlbumId], [MediaTypeId], [GenreId], [Milliseconds], [Bytes], [UnitPrice]) VALUES (277, N'Y-find', 25, 1, 7, 215405, 7183969, 0.99);
INSERT INTO [dbo].[Track] ([TrackId], [Name], [AlbumId], [MediaTypeId], [GenreId], [Milliseconds], [Bytes], [UnitPrice]) VALUES (278, N'Voltsillam', 25, 1, 7, 248372, 8253618, 0.99);
INSERT INTO [dbo].[Track] ([TrackId], [Name], [AlbumId], [MediaTypeId], [GenreId], [Milliseconds], [Bytes], [UnitPrice]) VALUES (279, N'Konklab', 25, 1, 7, 105586, 3536938, 0.99);
INSERT INTO [dbo].[Track] ([TrackId], [Name], [AlbumId], [MediaTypeId], [GenreId], [Milliseconds], [Bytes], [UnitPrice]) VALUES (280, N'Quo Lux', 25, 1, 7, 193253, 6534200, 0.99);
INSERT INTO [dbo].[Track] ([TrackId], [Name], [AlbumId], [MediaTypeId], [GenreId], [Milliseconds], [Bytes], [UnitPrice]) VALUES (281, N'Vagram', 25, 1, 7, 404323, 13702771, 0.99);
INSERT INTO [dbo].[Track] ([TrackId], [Name], [AlbumId], [MediaTypeId], [GenreId], [Composer], [Milliseconds], [Bytes], [UnitPrice]) VALUES (282, N'Tin', 26, 1, 8, N'Bino Farias/Da Gama/Laz/Pedro Luis/Toni Garrido', 249808, 8327676, 0.99);
INSERT INTO [dbo].[Track] ([TrackId], [Name], [AlbumId], [MediaTypeId], [GenreId], [Composer], [Milliseconds], [Bytes], [UnitPrice]) VALUES (283, N'Bamity', 26, 1, 8, N'Da Gama/Toni Garrido', 230922, 7697230, 0.99);
INSERT INTO [dbo].[Track] ([TrackId], [Name], [AlbumId], [MediaTypeId], [GenreId], [Composer], [Milliseconds], [Bytes], [UnitPrice]) VALUES (284, N'Test 1', 26, 1, 8, N'Chuck Berry', 254615, 8505985, 0.99);
INSERT INTO [dbo].[Track] ([TrackId], [Name], [AlbumId], [MediaTypeId], [GenreId], [Composer], [Milliseconds], [Bytes], [UnitPrice]) VALUES (285, N'Lorem', 26, 1, 8, N'Herbert Vianna', 194220, 6455080, 0.99);
INSERT INTO [dbo].[Track] ([TrackId], [Name], [AlbumId], [MediaTypeId], [GenreId], [Composer], [Milliseconds], [Bytes], [UnitPrice]) VALUES (286, N'Ipsum', 26, 1, 8, N'Bino Farias/Da Gama/Henry Lawes/Lazão/Toni Garrido/Winston Foser-Vers', 222145, 7402658, 0.99);
INSERT INTO [dbo].[Track] ([TrackId], [Name], [AlbumId], [MediaTypeId], [GenreId], [Composer], [Milliseconds], [Bytes], [UnitPrice]) VALUES (287, N'Mynah, common', 26, 1, 8, N'Gilberto Gil', 304352, 10078050, 0.99);
INSERT INTO [dbo].[Track] ([TrackId], [Name], [AlbumId], [MediaTypeId], [GenreId], [Composer], [Milliseconds], [Bytes], [UnitPrice]) VALUES (288, N'Galah', 26, 1, 8, N'Bernardo Vilhena/Bino Farias/Da Gama/Lazão/Toni Garrido', 236382, 7866924, 0.99);
INSERT INTO [dbo].[Track] ([TrackId], [Name], [AlbumId], [MediaTypeId], [GenreId], [Composer], [Milliseconds], [Bytes], [UnitPrice]) VALUES (289, N'tristique senectus', 26, 1, 8, N'Bino Farias/Da Gama/Lazão/Toni Garrido', 232280, 7747747, 0.99);
INSERT INTO [dbo].[Track] ([TrackId], [Name], [AlbumId], [MediaTypeId], [GenreId], [Composer], [Milliseconds], [Bytes], [UnitPrice]) VALUES (290, N'Owl, snowy', 26, 1, 8, N'Bino Farias/Da Gama/Lazão/Toni Garrido', 248842, 8275673, 0.99);
INSERT INTO [dbo].[Track] ([TrackId], [Name], [AlbumId], [MediaTypeId], [GenreId], [Composer], [Milliseconds], [Bytes], [UnitPrice]) VALUES (291, N'Tawny frogmouth', 26, 1, 8, N'Da Gama/Toni Garrido', 207542, 6920424, 0.99);
INSERT INTO [dbo].[Track] ([TrackId], [Name], [AlbumId], [MediaTypeId], [GenreId], [Composer], [Milliseconds], [Bytes], [UnitPrice]) VALUES (292, N'Heron, gray', 26, 1, 8, N'Bino Farias/Da Gama/Lazão/Toni Garrido', 221544, 7388466, 0.99);
INSERT INTO [dbo].[Track] ([TrackId], [Name], [AlbumId], [MediaTypeId], [GenreId], [Composer], [Milliseconds], [Bytes], [UnitPrice]) VALUES (293, N'Western grey kangaroo', 26, 1, 8, N'Marisa Monte/Nando Reis', 256026, 8502588, 0.99);
INSERT INTO [dbo].[Track] ([TrackId], [Name], [AlbumId], [MediaTypeId], [GenreId], [Composer], [Milliseconds], [Bytes], [UnitPrice]) VALUES (294, N'Hornbill, red-billed', 26, 1, 8, N'Bino Farias/Da Gamma/Lazão/Rás Bernard', 173008, 5748424, 0.99);
INSERT INTO [dbo].[Track] ([TrackId], [Name], [AlbumId], [MediaTypeId], [GenreId], [Composer], [Milliseconds], [Bytes], [UnitPrice]) VALUES (295, N'Blackbird, red-winged', 26, 1, 8, N'Da Gama/Lazão/Rás Bernardo', 257619, 8552474, 0.99);
INSERT INTO [dbo].[Track] ([TrackId], [Name], [AlbumId], [MediaTypeId], [GenreId], [Composer], [Milliseconds], [Bytes], [UnitPrice]) VALUES (296, N'Grebe, little', 26, 1, 8, N'Bino Farias/Da Gama/Lazão/Toni Garrido', 195239, 6503533, 0.99);
INSERT INTO [dbo].[Track] ([TrackId], [Name], [AlbumId], [MediaTypeId], [GenreId], [Composer], [Milliseconds], [Bytes], [UnitPrice]) VALUES (297, N'Grebe, little', 26, 1, 8, N'Bino Farias/Da Gama/Lazão/Rás Bernardo', 225332, 7488852, 0.99);
INSERT INTO [dbo].[Track] ([TrackId], [Name], [AlbumId], [MediaTypeId], [GenreId], [Composer], [Milliseconds], [Bytes], [UnitPrice]) VALUES (298, N'Southern black-backed gull', 26, 1, 8, N'Bernardo Vilhena/Da Gama/Lazão', 231392, 7663348, 0.99);
INSERT INTO [dbo].[Track] ([TrackId], [Name], [AlbumId], [MediaTypeId], [GenreId], [Composer], [Milliseconds], [Bytes], [UnitPrice]) VALUES (299, N'Royal tern', 27, 1, 8, N'Marisa Monte/Nando Reis', 298396, 10056970, 0.99);
INSERT INTO [dbo].[Track] ([TrackId], [Name], [AlbumId], [MediaTypeId], [GenreId], [Composer], [Milliseconds], [Bytes], [UnitPrice]) VALUES (300, N'Blue waxbill', 27, 1, 8, N'Bernardo Vilhena/Bino/Da Gama/Lazao/Toni Garrido', 206942, 6950332, 0.99);
INSERT INTO [dbo].[Track] ([TrackId], [Name], [AlbumId], [MediaTypeId], [GenreId], [Composer], [Milliseconds], [Bytes], [UnitPrice]) VALUES (301, N'Gecko, barking', 27, 1, 8, N'Da Gama/Toni Garrido', 285231, 9544383, 0.99);
INSERT INTO [dbo].[Track] ([TrackId], [Name], [AlbumId], [MediaTypeId], [GenreId], [Composer], [Milliseconds], [Bytes], [UnitPrice]) VALUES (302, N'Gull, pacific', 27, 1, 8, N'Da Gama/Lazao/Toni Garrido', 282174, 9344477, 0.99);
INSERT INTO [dbo].[Track] ([TrackId], [Name], [AlbumId], [MediaTypeId], [GenreId], [Composer], [Milliseconds], [Bytes], [UnitPrice]) VALUES (303, N'Springbuck', 27, 1, 8, N'Bino/Da Gama/Ras Bernardo', 244950, 8189093, 0.99);
INSERT INTO [dbo].[Track] ([TrackId], [Name], [AlbumId], [MediaTypeId], [GenreId], [Composer], [Milliseconds], [Bytes], [UnitPrice]) VALUES (304, N'Wolf, timber', 27, 1, 8, N'Harry Lawes/Winston Foster-Vers', 225488, 7507866, 0.99);
INSERT INTO [dbo].[Track] ([TrackId], [Name], [AlbumId], [MediaTypeId], [GenreId], [Composer], [Milliseconds], [Bytes], [UnitPrice]) VALUES (305, N'Great horned owl', 27, 1, 8, N'Bino/Da Gama/Ras Bernardo', 192391, 6399761, 0.99);
INSERT INTO [dbo].[Track] ([TrackId], [Name], [AlbumId], [MediaTypeId], [GenreId], [Composer], [Milliseconds], [Bytes], [UnitPrice]) VALUES (306, N'Little heron', 27, 1, 8, N'Bino/Da Gamma/Lazao/Toni Garrido', 240300, 8069934, 0.99);
INSERT INTO [dbo].[Track] ([TrackId], [Name], [AlbumId], [MediaTypeId], [GenreId], [Composer], [Milliseconds], [Bytes], [UnitPrice]) VALUES (307, N'Lemur, sportive', 27, 1, 8, N'Bino/Da Gama/Toni Garrido', 178155, 5950952, 0.99);
INSERT INTO [dbo].[Track] ([TrackId], [Name], [AlbumId], [MediaTypeId], [GenreId], [Composer], [Milliseconds], [Bytes], [UnitPrice]) VALUES (308, N'Crane, wattled', 27, 1, 8, N'Bino/Da Gama/Lazao/Ras Bernardo', 289750, 9633659, 0.99);
INSERT INTO [dbo].[Track] ([TrackId], [Name], [AlbumId], [MediaTypeId], [GenreId], [Composer], [Milliseconds], [Bytes], [UnitPrice]) VALUES (309, N'Buttermilk snake', 27, 1, 8, N'Cidade Negra', 239725, 8024386, 0.99);
INSERT INTO [dbo].[Track] ([TrackId], [Name], [AlbumId], [MediaTypeId], [GenreId], [Composer], [Milliseconds], [Bytes], [UnitPrice]) VALUES (310, N'Ox, musk', 27, 1, 8, N'Lulu Santos', 267363, 8895073, 0.99);
INSERT INTO [dbo].[Track] ([TrackId], [Name], [AlbumId], [MediaTypeId], [GenreId], [Composer], [Milliseconds], [Bytes], [UnitPrice]) VALUES (311, N'Striped skunk', 27, 1, 8, N'Bernardo Vilhena/Da Gama/Lazao', 273031, 9142937, 0.99);
INSERT INTO [dbo].[Track] ([TrackId], [Name], [AlbumId], [MediaTypeId], [GenreId], [Composer], [Milliseconds], [Bytes], [UnitPrice]) VALUES (312, N'Owl, madagascar hawk', 27, 1, 8, N'Fausto Nilo/Moraes Moreira/Pepeu Gomes', 211147, 7029400, 0.99);
INSERT INTO [dbo].[Track] ([TrackId], [Name], [AlbumId], [MediaTypeId], [GenreId], [Milliseconds], [Bytes], [UnitPrice]) VALUES (313, N'Arctic lemming', 28, 1, 7, 311353, 10309980, 0.99);
INSERT INTO [dbo].[Track] ([TrackId], [Name], [AlbumId], [MediaTypeId], [GenreId], [Milliseconds], [Bytes], [UnitPrice]) VALUES (314, N'Brazilian tapir', 28, 1, 7, 244532, 8150846, 0.99);
INSERT INTO [dbo].[Track] ([TrackId], [Name], [AlbumId], [MediaTypeId], [GenreId], [Milliseconds], [Bytes], [UnitPrice]) VALUES (315, N'Magellanic penguin', 28, 1, 7, 253492, 8441034, 0.99);
INSERT INTO [dbo].[Track] ([TrackId], [Name], [AlbumId], [MediaTypeId], [GenreId], [Milliseconds], [Bytes], [UnitPrice]) VALUES (316, N'Griffon vulture', 28, 1, 7, 244715, 8123466, 0.99);
INSERT INTO [dbo].[Track] ([TrackId], [Name], [AlbumId], [MediaTypeId], [GenreId], [Milliseconds], [Bytes], [UnitPrice]) VALUES (317, N'Ocelot', 28, 1, 7, 254040, 8420093, 0.99);
INSERT INTO [dbo].[Track] ([TrackId], [Name], [AlbumId], [MediaTypeId], [GenreId], [Milliseconds], [Bytes], [UnitPrice]) VALUES (318, N'Galapagos hawk', 28, 1, 7, 264202, 8731945, 0.99);
INSERT INTO [dbo].[Track] ([TrackId], [Name], [AlbumId], [MediaTypeId], [GenreId], [Milliseconds], [Bytes], [UnitPrice]) VALUES (319, N'South American puma', 28, 1, 7, 230452, 7685326, 0.99);
INSERT INTO [dbo].[Track] ([TrackId], [Name], [AlbumId], [MediaTypeId], [GenreId], [Milliseconds], [Bytes], [UnitPrice]) VALUES (320, N'Bee-eater', 28, 1, 7, 275748, 9205941, 0.99);
INSERT INTO [dbo].[Track] ([TrackId], [Name], [AlbumId], [MediaTypeId], [GenreId], [Milliseconds], [Bytes], [UnitPrice]) VALUES (321, N'Sportive lemur', 28, 1, 7, 266605, 8873358, 0.99);
INSERT INTO [dbo].[Track] ([TrackId], [Name], [AlbumId], [MediaTypeId], [GenreId], [Milliseconds], [Bytes], [UnitPrice]) VALUES (322, N'Fox, pampa gray', 28, 1, 7, 214595, 7111596, 0.99);
INSERT INTO [dbo].[Track] ([TrackId], [Name], [AlbumId], [MediaTypeId], [GenreId], [Composer], [Milliseconds], [Bytes], [UnitPrice]) VALUES (323, N'Southern boubou', 29, 1, 9, N'Cbaseiano Costa/Cintia Maviane/J.F./Lucas Costa', 205479, 6892516, 0.99);
INSERT INTO [dbo].[Track] ([TrackId], [Name], [AlbumId], [MediaTypeId], [GenreId], [Composer], [Milliseconds], [Bytes], [UnitPrice]) VALUES (324, N'Heron, boat-billed', 29, 1, 9, N'Augusto Conceição/Chiclete Com Banana', 198661, 6643207, 0.99);
INSERT INTO [dbo].[Track] ([TrackId], [Name], [AlbumId], [MediaTypeId], [GenreId], [Composer], [Milliseconds], [Bytes], [UnitPrice]) VALUES (325, N'Seal, southern elephant', 29, 1, 9, N'Cal Adan/Paulo Levi', 194194, 6507950, 0.99);
INSERT INTO [dbo].[Track] ([TrackId], [Name], [AlbumId], [MediaTypeId], [GenreId], [Composer], [Milliseconds], [Bytes], [UnitPrice]) VALUES (326, N'Godwit, hudsonian', 29, 1, 9, N'Paulo Levi/W. Rangel', 188630, 6327391, 0.99);
INSERT INTO [dbo].[Track] ([TrackId], [Name], [AlbumId], [MediaTypeId], [GenreId], [Composer], [Milliseconds], [Bytes], [UnitPrice]) VALUES (327, N'Adouri (unidentified)', 29, 1, 9, N'Jorge Cardoso/Pierre Onasis', 230791, 7748006, 0.99);
INSERT INTO [dbo].[Track] ([TrackId], [Name], [AlbumId], [MediaTypeId], [GenreId], [Composer], [Milliseconds], [Bytes], [UnitPrice]) VALUES (328, N'Dragon, frilled', 29, 1, 9, N'Fábio Nolasco/Gal Sales/Ivan Brasil', 206733, 7034985, 0.99);
INSERT INTO [dbo].[Track] ([TrackId], [Name], [AlbumId], [MediaTypeId], [GenreId], [Composer], [Milliseconds], [Bytes], [UnitPrice]) VALUES (329, N'White-browed owl', 29, 1, 9, N'Garay, Ricardo Engels/Luca Predabom/Ludwig, Carlos Henrique/Maurício Vieira', 210155, 6973625, 0.99);
INSERT INTO [dbo].[Track] ([TrackId], [Name], [AlbumId], [MediaTypeId], [GenreId], [Composer], [Milliseconds], [Bytes], [UnitPrice]) VALUES (330, N'Spoonbill, european', 29, 1, 9, N'Luiz Wanderley/Paulo Levi', 190093, 6457752, 0.99);
INSERT INTO [dbo].[Track] ([TrackId], [Name], [AlbumId], [MediaTypeId], [GenreId], [Composer], [Milliseconds], [Bytes], [UnitPrice]) VALUES (331, N'Kiskadee, great', 29, 1, 9, N'Do Vale, Valverde/Gal Oliveira/Luciano Pinto', 214256, 7254147, 0.99);
INSERT INTO [dbo].[Track] ([TrackId], [Name], [AlbumId], [MediaTypeId], [GenreId], [Composer], [Milliseconds], [Bytes], [UnitPrice]) VALUES (332, N'Lion, steller sea', 29, 1, 9, N'Cal Adan/Ferrugem/Julinho Carioca/Tríona Ní Dhomhnaill', 210599, 7027525, 0.99);
INSERT INTO [dbo].[Track] ([TrackId], [Name], [AlbumId], [MediaTypeId], [GenreId], [Composer], [Milliseconds], [Bytes], [UnitPrice]) VALUES (333, N'Roan antelope', 29, 1, 9, N'Lucina/Luli', 196519, 6568081, 0.99);
INSERT INTO [dbo].[Track] ([TrackId], [Name], [AlbumId], [MediaTypeId], [GenreId], [Composer], [Milliseconds], [Bytes], [UnitPrice]) VALUES (334, N'Ibis, puna', 29, 1, 9, N'Cal Adan/Del Rey, Tension/Edu Casanova', 206654, 6931328, 0.99);
INSERT INTO [dbo].[Track] ([TrackId], [Name], [AlbumId], [MediaTypeId], [GenreId], [Composer], [Milliseconds], [Bytes], [UnitPrice]) VALUES (335, N'Wallaby, dama', 29, 1, 9, N'Jauperi/Zeu Góes', 203493, 6772813, 0.99);
INSERT INTO [dbo].[Track] ([TrackId], [Name], [AlbumId], [MediaTypeId], [GenreId], [Composer], [Milliseconds], [Bytes], [UnitPrice]) VALUES (336, N'Indian red admiral', 29, 1, 9, N'Adriano Bernandes/Edmar Neves', 166687, 5532564, 0.99);
INSERT INTO [dbo].[Track] ([TrackId], [Name], [AlbumId], [MediaTypeId], [GenreId], [Composer], [Milliseconds], [Bytes], [UnitPrice]) VALUES (337, N'Stork, marabou', 30, 1, 1, N'J B Lenoir/Willie Dixon', 315951, 10249958, 0.99);
INSERT INTO [dbo].[Track] ([TrackId], [Name], [AlbumId], [MediaTypeId], [GenreId], [Composer], [Milliseconds], [Bytes], [UnitPrice]) VALUES (338, N'Large cormorant', 30, 1, 1, N'Willie Dixon', 263836, 8581414, 0.99);
INSERT INTO [dbo].[Track] ([TrackId], [Name], [AlbumId], [MediaTypeId], [GenreId], [Composer], [Milliseconds], [Bytes], [UnitPrice]) VALUES (339, N'Kangaroo, red', 30, 1, 1, N'Jimmy Page/John Bonham/John Paul Jones', 192653, 6287257, 0.99);
INSERT INTO [dbo].[Track] ([TrackId], [Name], [AlbumId], [MediaTypeId], [GenreId], [Composer], [Milliseconds], [Bytes], [UnitPrice]) VALUES (340, N'Laughing dove', 30, 1, 1, N'Jimmy Page', 401920, 13035765, 0.99);
INSERT INTO [dbo].[Track] ([TrackId], [Name], [AlbumId], [MediaTypeId], [GenreId], [Composer], [Milliseconds], [Bytes], [UnitPrice]) VALUES (341, N'Penguin, galapagos', 30, 1, 1, N'Jimmy Page/John Bonham/John Estes/John Paul Jones/Robert Plant', 183327, 5995686, 0.99);
INSERT INTO [dbo].[Track] ([TrackId], [Name], [AlbumId], [MediaTypeId], [GenreId], [Composer], [Milliseconds], [Bytes], [UnitPrice]) VALUES (342, N'White-tailed deer', 30, 1, 1, N'Jimmy Page/Robert Plant', 260675, 8497116, 0.99);
INSERT INTO [dbo].[Track] ([TrackId], [Name], [AlbumId], [MediaTypeId], [GenreId], [Composer], [Milliseconds], [Bytes], [UnitPrice]) VALUES (343, N'Suricate', 30, 1, 1, N'Jimmy Page/John Bonham/John Paul Jones', 161149, 5261022, 0.99);
INSERT INTO [dbo].[Track] ([TrackId], [Name], [AlbumId], [MediaTypeId], [GenreId], [Composer], [Milliseconds], [Bytes], [UnitPrice]) VALUES (344, N'Red phalarope', 30, 1, 1, N'Jimmy Page/Robert Johnson/Robert Plant', 312032, 10232581, 0.99);
INSERT INTO [dbo].[Track] ([TrackId], [Name], [AlbumId], [MediaTypeId], [GenreId], [Composer], [Milliseconds], [Bytes], [UnitPrice]) VALUES (345, N'Pigeon, wood', 30, 1, 1, N'Jimmy Page/John Bonham/John Paul Jones/Robert Plant/Willie Dixon', 373394, 12258175, 0.99);
INSERT INTO [dbo].[Track] ([TrackId], [Name], [AlbumId], [MediaTypeId], [GenreId], [Composer], [Milliseconds], [Bytes], [UnitPrice]) VALUES (346, N'Cape Barren goose', 30, 1, 1, N'Bob Cochran/Sharon Sheeley', 127869, 4165650, 0.99);
INSERT INTO [dbo].[Track] ([TrackId], [Name], [AlbumId], [MediaTypeId], [GenreId], [Composer], [Milliseconds], [Bytes], [UnitPrice]) VALUES (347, N'Red-legged pademelon', 30, 1, 1, N'Jimmy Page/John Bonham/John Paul Jones', 185260, 6041133, 0.99);
INSERT INTO [dbo].[Track] ([TrackId], [Name], [AlbumId], [MediaTypeId], [GenreId], [Composer], [Milliseconds], [Bytes], [UnitPrice]) VALUES (348, N'Manatee', 30, 1, 1, N'Willie Dixon', 380551, 12377615, 0.99);
INSERT INTO [dbo].[Track] ([TrackId], [Name], [AlbumId], [MediaTypeId], [GenreId], [Composer], [Milliseconds], [Bytes], [UnitPrice]) VALUES (349, N'Andean goose', 30, 1, 1, N'J B Lenoir/Willie Dixon', 619467, 20138673, 0.99);
INSERT INTO [dbo].[Track] ([TrackId], [Name], [AlbumId], [MediaTypeId], [GenreId], [Composer], [Milliseconds], [Bytes], [UnitPrice]) VALUES (350, N'Red deer', 30, 1, 1, N'Chester Burnett/Jimmy Page/John Bonham/John Paul Jones/Robert Plant', 711836, 23092953, 0.99);

INSERT INTO [dbo].[Employee] ([EmployeeId], [LastName], [FirstName], [Title], [BirthDate], [HireDate], [Address], [City], [State], [Country], [PostalCode], [Phone], [Fax], [Email]) VALUES (1, N'Adams', N'Andrew', N'General Manager', '1962/2/18', '2002/8/14', N'11120 Jasper Ave NW', N'Edmonton', N'AB', N'Canada', N'T5K 2N1', N'+1 (780) 428-9482', N'+1 (780) 428-3457', N'andrew@mediastoredb.com');
INSERT INTO [dbo].[Employee] ([EmployeeId], [LastName], [FirstName], [Title], [ReportsTo], [BirthDate], [HireDate], [Address], [City], [State], [Country], [PostalCode], [Phone], [Fax], [Email]) VALUES (2, N'Edwards', N'Nancy', N'Sales Manager', 1, '1958/12/8', '2002/5/1', N'825 8 Ave SW', N'Calgary', N'AB', N'Canada', N'T2P 2T3', N'+1 (403) 262-3443', N'+1 (403) 262-3322', N'nancy@mediastoredb.com');
INSERT INTO [dbo].[Employee] ([EmployeeId], [LastName], [FirstName], [Title], [ReportsTo], [BirthDate], [HireDate], [Address], [City], [State], [Country], [PostalCode], [Phone], [Fax], [Email]) VALUES (3, N'Peacock', N'Jane', N'Sales Support Agent', 2, '1973/8/29', '2002/4/1', N'1111 6 Ave SW', N'Calgary', N'AB', N'Canada', N'T2P 5M5', N'+1 (403) 262-3443', N'+1 (403) 262-6712', N'jane@mediastoredb.com');
INSERT INTO [dbo].[Employee] ([EmployeeId], [LastName], [FirstName], [Title], [ReportsTo], [BirthDate], [HireDate], [Address], [City], [State], [Country], [PostalCode], [Phone], [Fax], [Email]) VALUES (4, N'Park', N'Margaret', N'Sales Support Agent', 2, '1947/9/19', '2003/5/3', N'683 10 Street SW', N'Calgary', N'AB', N'Canada', N'T2P 5G3', N'+1 (403) 263-4423', N'+1 (403) 263-4289', N'margaret@mediastoredb.com');
INSERT INTO [dbo].[Employee] ([EmployeeId], [LastName], [FirstName], [Title], [ReportsTo], [BirthDate], [HireDate], [Address], [City], [State], [Country], [PostalCode], [Phone], [Fax], [Email]) VALUES (5, N'Johnson', N'Steve', N'Sales Support Agent', 2, '1965/3/3', '2003/10/17', N'7727B 41 Ave', N'Calgary', N'AB', N'Canada', N'T3B 1Y7', N'1 (780) 836-9987', N'1 (780) 836-9543', N'steve@mediastoredb.com');
INSERT INTO [dbo].[Employee] ([EmployeeId], [LastName], [FirstName], [Title], [ReportsTo], [BirthDate], [HireDate], [Address], [City], [State], [Country], [PostalCode], [Phone], [Fax], [Email]) VALUES (6, N'Mitchell', N'Michael', N'IT Manager', 1, '1973/7/1', '2003/10/17', N'5827 Bowness Road NW', N'Calgary', N'AB', N'Canada', N'T3B 0C5', N'+1 (403) 246-9887', N'+1 (403) 246-9899', N'michael@mediastoredb.com');
INSERT INTO [dbo].[Employee] ([EmployeeId], [LastName], [FirstName], [Title], [ReportsTo], [BirthDate], [HireDate], [Address], [City], [State], [Country], [PostalCode], [Phone], [Fax], [Email]) VALUES (7, N'King', N'Robert', N'IT Staff', 6, '1970/5/29', '2004/1/2', N'590 Columbia Boulevard West', N'Lethbridge', N'AB', N'Canada', N'T1K 5N8', N'+1 (403) 456-9986', N'+1 (403) 456-8485', N'robert@mediastoredb.com');
INSERT INTO [dbo].[Employee] ([EmployeeId], [LastName], [FirstName], [Title], [ReportsTo], [BirthDate], [HireDate], [Address], [City], [State], [Country], [PostalCode], [Phone], [Fax], [Email]) VALUES (8, N'Cballahan', N'Laura', N'IT Staff', 6, '1968/1/9', '2004/3/4', N'923 7 ST NW', N'Lethbridge', N'AB', N'Canada', N'T1H 1Y8', N'+1 (403) 467-3351', N'+1 (403) 467-8772', N'laura@mediastoredb.com');

INSERT INTO [dbo].[Customer] ([CustomerId], [FirstName], [LastName], [Company], [Address], [City], [State], [Country], [PostalCode], [Phone], [Fax], [Email], [SupportRepId]) VALUES (1, N'Luís', N'Gonçalves', N'Embraer - Empresa Brasileira de Aeronáutica S.A.', N'Av. Brigadeiro Faria Lima, 2170', N'São José dos Campos', N'SP', N'Brazil', N'12227-000', N'+55 (12) 3923-5555', N'+55 (12) 3923-5566', N'luisg@mediastoredb.com', 3);
INSERT INTO [dbo].[Customer] ([CustomerId], [FirstName], [LastName], [Address], [City], [Country], [PostalCode], [Phone], [Email], [SupportRepId]) VALUES (2, N'Leonie', N'Köhler', N'Theodor-Heuss-Straße 34', N'Stuttgart', N'Germany', N'70174', N'+49 0711 2842222', N'leonekohler@mediastoredb.com', 5);
INSERT INTO [dbo].[Customer] ([CustomerId], [FirstName], [LastName], [Address], [City], [State], [Country], [PostalCode], [Phone], [Email], [SupportRepId]) VALUES (3, N'François', N'Tremblay', N'1498 rue Bélanger', N'Montréal', N'QC', N'Canada', N'H2G 1A7', N'+1 (514) 721-4711', N'ftremblay@mediastoredb.com', 3);
INSERT INTO [dbo].[Customer] ([CustomerId], [FirstName], [LastName], [Address], [City], [Country], [PostalCode], [Phone], [Email], [SupportRepId]) VALUES (4, N'Bjørn', N'Hansen', N'Ullevålsveien 14', N'Oslo', N'Norway', N'0171', N'+47 22 44 22 22', N'bjorn.hansen@mediastoredb.com', 4);
INSERT INTO [dbo].[Customer] ([CustomerId], [FirstName], [LastName], [Company], [Address], [City], [Country], [PostalCode], [Phone], [Fax], [Email], [SupportRepId]) VALUES (5, N'František', N'Wichterlová', N'JetBrains s.r.o.', N'Klanova 9/506', N'Prague', N'Czech Republic', N'14700', N'+420 2 4172 5555', N'+420 2 4172 5555', N'frantisekw@mediastoredb.com', 4);
INSERT INTO [dbo].[Customer] ([CustomerId], [FirstName], [LastName], [Address], [City], [Country], [PostalCode], [Phone], [Email], [SupportRepId]) VALUES (6, N'Helena', N'Holý', N'Rilská 3174/6', N'Prague', N'Czech Republic', N'14300', N'+420 2 4177 0449', N'hholy@mediastoredb.com', 5);
INSERT INTO [dbo].[Customer] ([CustomerId], [FirstName], [LastName], [Address], [City], [Country], [PostalCode], [Phone], [Email], [SupportRepId]) VALUES (7, N'Astrid', N'Gruber', N'Rotenturmstraße 4, 1010 Innere Stadt', N'Vienne', N'Austria', N'1010', N'+43 01 5134505', N'astrid.gruber@mediastoredb.com', 5);
INSERT INTO [dbo].[Customer] ([CustomerId], [FirstName], [LastName], [Address], [City], [Country], [PostalCode], [Phone], [Email], [SupportRepId]) VALUES (8, N'Daan', N'Peeters', N'Grétrystraat 63', N'Brussels', N'Belgium', N'1000', N'+32 02 219 03 03', N'daan_peeters@mediastoredb.com', 4);
INSERT INTO [dbo].[Customer] ([CustomerId], [FirstName], [LastName], [Address], [City], [Country], [PostalCode], [Phone], [Email], [SupportRepId]) VALUES (9, N'Kara', N'Nielsen', N'Sønder Boulevard 51', N'Copenhagen', N'Denmark', N'1720', N'+453 3331 9991', N'kara.nielsen@mediastoredb.com', 4);
INSERT INTO [dbo].[Customer] ([CustomerId], [FirstName], [LastName], [Company], [Address], [City], [State], [Country], [PostalCode], [Phone], [Fax], [Email], [SupportRepId]) VALUES (10, N'Eduardo', N'Martins', N'Woodstock Discos', N'Rua Dr. Falcão Filho, 155', N'São Paulo', N'SP', N'Brazil', N'01007-010', N'+55 (11) 3033-5446', N'+55 (11) 3033-4564', N'eduardo@mediastoredb.com', 4);
INSERT INTO [dbo].[Customer] ([CustomerId], [FirstName], [LastName], [Company], [Address], [City], [State], [Country], [PostalCode], [Phone], [Fax], [Email], [SupportRepId]) VALUES (11, N'Alexandre', N'Rocha', N'Banco do Brasil S.A.', N'Av. Paulista, 2022', N'São Paulo', N'SP', N'Brazil', N'01310-200', N'+55 (11) 3055-3278', N'+55 (11) 3055-8131', N'alero@mediastoredb.com', 5);
INSERT INTO [dbo].[Customer] ([CustomerId], [FirstName], [LastName], [Company], [Address], [City], [State], [Country], [PostalCode], [Phone], [Fax], [Email], [SupportRepId]) VALUES (12, N'Roberto', N'Almeida', N'Riotur', N'Praça Pio X, 119', N'Rio de Janeiro', N'RJ', N'Brazil', N'20040-020', N'+55 (21) 2271-7000', N'+55 (21) 2271-7070', N'roberto.almeida@mediastoredb.com', 3);
INSERT INTO [dbo].[Customer] ([CustomerId], [FirstName], [LastName], [Address], [City], [State], [Country], [PostalCode], [Phone], [Fax], [Email], [SupportRepId]) VALUES (13, N'Fernanda', N'Ramos', N'Qe 7 Bloco G', N'Brasília', N'DF', N'Brazil', N'71020-677', N'+55 (61) 3363-5547', N'+55 (61) 3363-7855', N'fernadaramos4@mediastoredb.com', 4);
INSERT INTO [dbo].[Customer] ([CustomerId], [FirstName], [LastName], [Company], [Address], [City], [State], [Country], [PostalCode], [Phone], [Fax], [Email], [SupportRepId]) VALUES (14, N'Mark', N'Philips', N'Telus', N'8210 111 ST NW', N'Edmonton', N'AB', N'Canada', N'T6G 2C7', N'+1 (780) 434-4554', N'+1 (780) 434-5565', N'mphilips12@mediastoredb.com', 5);
INSERT INTO [dbo].[Customer] ([CustomerId], [FirstName], [LastName], [Company], [Address], [City], [State], [Country], [PostalCode], [Phone], [Fax], [Email], [SupportRepId]) VALUES (15, N'Jennifer', N'Peterson', N'Rogers Canada', N'700 W Pender Street', N'Vancouver', N'BC', N'Canada', N'V6C 1G8', N'+1 (604) 688-2255', N'+1 (604) 688-8756', N'jenniferp@mediastoredb.com', 3);
INSERT INTO [dbo].[Customer] ([CustomerId], [FirstName], [LastName], [Company], [Address], [City], [State], [Country], [PostalCode], [Phone], [Fax], [Email], [SupportRepId]) VALUES (16, N'Frank', N'Harris', N'Google Inc.', N'1600 Amphitheatre Parkway', N'Mountain View', N'CA', N'USA', N'94043-1351', N'+1 (650) 253-0000', N'+1 (650) 253-0000', N'fharris@mediastoredb.com', 4);
INSERT INTO [dbo].[Customer] ([CustomerId], [FirstName], [LastName], [Company], [Address], [City], [State], [Country], [PostalCode], [Phone], [Fax], [Email], [SupportRepId]) VALUES (17, N'Jack', N'Smith', N'Microsoft Corporation', N'1 Microsoft Way', N'Redmond', N'WA', N'USA', N'98052-8300', N'+1 (425) 882-8080', N'+1 (425) 882-8081', N'jacksmith@mediastoredb.com', 5);
INSERT INTO [dbo].[Customer] ([CustomerId], [FirstName], [LastName], [Address], [City], [State], [Country], [PostalCode], [Phone], [Fax], [Email], [SupportRepId]) VALUES (18, N'Michelle', N'Brooks', N'627 Broadway', N'New York', N'NY', N'USA', N'10012-2612', N'+1 (212) 221-3546', N'+1 (212) 221-4679', N'michelleb@mediastoredb.com', 3);
INSERT INTO [dbo].[Customer] ([CustomerId], [FirstName], [LastName], [Company], [Address], [City], [State], [Country], [PostalCode], [Phone], [Fax], [Email], [SupportRepId]) VALUES (19, N'Tim', N'Goyer', N'Apple Inc.', N'1 Infinite Loop', N'Cupertino', N'CA', N'USA', N'95014', N'+1 (408) 996-1010', N'+1 (408) 996-1011', N'tgoyer@mediastoredb.com', 3);
INSERT INTO [dbo].[Customer] ([CustomerId], [FirstName], [LastName], [Address], [City], [State], [Country], [PostalCode], [Phone], [Email], [SupportRepId]) VALUES (20, N'Dan', N'Miller', N'541 Del Medio Avenue', N'Mountain View', N'CA', N'USA', N'94040-111', N'+1 (650) 644-3358', N'dmiller@mediastoredb.com', 4);
INSERT INTO [dbo].[Customer] ([CustomerId], [FirstName], [LastName], [Address], [City], [State], [Country], [PostalCode], [Phone], [Email], [SupportRepId]) VALUES (21, N'Kathy', N'Chase', N'801 W 4th Street', N'Reno', N'NV', N'USA', N'89503', N'+1 (775) 223-7665', N'kachase@mediastoredb.com', 5);
INSERT INTO [dbo].[Customer] ([CustomerId], [FirstName], [LastName], [Address], [City], [State], [Country], [PostalCode], [Phone], [Email], [SupportRepId]) VALUES (22, N'Heather', N'Leacock', N'120 S Orange Ave', N'Orlando', N'FL', N'USA', N'32801', N'+1 (407) 999-7788', N'hleacock@mediastoredb.com', 4);
INSERT INTO [dbo].[Customer] ([CustomerId], [FirstName], [LastName], [Address], [City], [State], [Country], [PostalCode], [Phone], [Email], [SupportRepId]) VALUES (23, N'John', N'Gordon', N'69 Salem Street', N'Boston', N'MA', N'USA', N'2113', N'+1 (617) 522-1333', N'johngordon22@mediastoredb.com', 4);
INSERT INTO [dbo].[Customer] ([CustomerId], [FirstName], [LastName], [Address], [City], [State], [Country], [PostalCode], [Phone], [Email], [SupportRepId]) VALUES (24, N'Frank', N'Ralston', N'162 E Superior Street', N'Chicago', N'IL', N'USA', N'60611', N'+1 (312) 332-3232', N'fralston@mediastoredb.com', 3);
INSERT INTO [dbo].[Customer] ([CustomerId], [FirstName], [LastName], [Address], [City], [State], [Country], [PostalCode], [Phone], [Email], [SupportRepId]) VALUES (25, N'Victor', N'Stevens', N'319 N. Frances Street', N'Madison', N'WI', N'USA', N'53703', N'+1 (608) 257-0597', N'vstevens@mediastoredb.com', 5);
INSERT INTO [dbo].[Customer] ([CustomerId], [FirstName], [LastName], [Address], [City], [State], [Country], [PostalCode], [Phone], [Email], [SupportRepId]) VALUES (26, N'Richard', N'Cunningham', N'2211 W Berry Street', N'Fort Worth', N'TX', N'USA', N'76110', N'+1 (817) 924-7272', N'ricunningham@mediastoredb.com', 4);
INSERT INTO [dbo].[Customer] ([CustomerId], [FirstName], [LastName], [Address], [City], [State], [Country], [PostalCode], [Phone], [Email], [SupportRepId]) VALUES (27, N'Patrick', N'Gray', N'1033 N Park Ave', N'Tucson', N'AZ', N'USA', N'85719', N'+1 (520) 622-4200', N'patrick.gray@mediastoredb.com', 4);
INSERT INTO [dbo].[Customer] ([CustomerId], [FirstName], [LastName], [Address], [City], [State], [Country], [PostalCode], [Phone], [Email], [SupportRepId]) VALUES (28, N'Julia', N'Barnett', N'302 S 700 E', N'Salt Lake City', N'UT', N'USA', N'84102', N'+1 (801) 531-7272', N'jubarnett@mediastoredb.com', 5);
INSERT INTO [dbo].[Customer] ([CustomerId], [FirstName], [LastName], [Address], [City], [State], [Country], [PostalCode], [Phone], [Email], [SupportRepId]) VALUES (29, N'Robert', N'Brown', N'796 Dundas Street West', N'Toronto', N'ON', N'Canada', N'M6J 1V1', N'+1 (416) 363-8888', N'robbrown@mediastoredb.ca', 3);
INSERT INTO [dbo].[Customer] ([CustomerId], [FirstName], [LastName], [Address], [City], [State], [Country], [PostalCode], [Phone], [Email], [SupportRepId]) VALUES (30, N'Edward', N'Francis', N'230 Elgin Street', N'Ottawa', N'ON', N'Canada', N'K2P 1L7', N'+1 (613) 234-3322', N'edfrancis@mediastoredb.ca', 3);
INSERT INTO [dbo].[Customer] ([CustomerId], [FirstName], [LastName], [Address], [City], [State], [Country], [PostalCode], [Phone], [Email], [SupportRepId]) VALUES (31, N'Martha', N'Silk', N'194A Chain Lake Drive', N'Halifax', N'NS', N'Canada', N'B3S 1C5', N'+1 (902) 450-0450', N'marthasilk@mediastoredb.com', 5);
INSERT INTO [dbo].[Customer] ([CustomerId], [FirstName], [LastName], [Address], [City], [State], [Country], [PostalCode], [Phone], [Email], [SupportRepId]) VALUES (32, N'Aaron', N'Mitchell', N'696 Osborne Street', N'Winnipeg', N'MB', N'Canada', N'R3L 2B9', N'+1 (204) 452-6452', N'aaronmitchell@mediastoredb.ca', 4);
INSERT INTO [dbo].[Customer] ([CustomerId], [FirstName], [LastName], [Address], [City], [State], [Country], [PostalCode], [Phone], [Email], [SupportRepId]) VALUES (33, N'Ellie', N'Sullivan', N'5112 48 Street', N'Yellowknife', N'NT', N'Canada', N'X1A 1N6', N'+1 (867) 920-2233', N'ellie.sullivan@mediastoredb.ca', 3);
INSERT INTO [dbo].[Customer] ([CustomerId], [FirstName], [LastName], [Address], [City], [Country], [Phone], [Email], [SupportRepId]) VALUES (34, N'João', N'Fernandes', N'Rua da baseunção 53', N'Lisbon', N'Portugal', N'+351 (213) 466-111', N'jfernandes@mediastoredb.pt', 4);
INSERT INTO [dbo].[Customer] ([CustomerId], [FirstName], [LastName], [Address], [City], [Country], [Phone], [Email], [SupportRepId]) VALUES (35, N'Madalena', N'Sampaio', N'Rua dos Campeões Europeus de Viena, 4350', N'Porto', N'Portugal', N'+351 (225) 022-448', N'masampaio@mediastoredb.pt', 4);
INSERT INTO [dbo].[Customer] ([CustomerId], [FirstName], [LastName], [Address], [City], [Country], [PostalCode], [Phone], [Email], [SupportRepId]) VALUES (36, N'Hannah', N'Schneider', N'Tauentzienstraße 8', N'Berlin', N'Germany', N'10789', N'+49 030 26550280', N'hannah.schneider@mediastoredb.de', 5);
INSERT INTO [dbo].[Customer] ([CustomerId], [FirstName], [LastName], [Address], [City], [Country], [PostalCode], [Phone], [Email], [SupportRepId]) VALUES (37, N'Fynn', N'Zimmermann', N'Berger Straße 10', N'Frankfurt', N'Germany', N'60316', N'+49 069 40598889', N'fzimmermann@mediastoredb.de', 3);
INSERT INTO [dbo].[Customer] ([CustomerId], [FirstName], [LastName], [Address], [City], [Country], [PostalCode], [Phone], [Email], [SupportRepId]) VALUES (38, N'Niklas', N'Schröder', N'Barbarossastraße 19', N'Berlin', N'Germany', N'10779', N'+49 030 2141444', N'nschroder@mediastoredb.de', 3);
INSERT INTO [dbo].[Customer] ([CustomerId], [FirstName], [LastName], [Address], [City], [Country], [PostalCode], [Phone], [Email], [SupportRepId]) VALUES (39, N'Camille', N'Bernard', N'4, Rue Milton', N'Paris', N'France', N'75009', N'+33 01 49 70 65 65', N'camille.bernard@mediastoredb.fr', 4);
INSERT INTO [dbo].[Customer] ([CustomerId], [FirstName], [LastName], [Address], [City], [Country], [PostalCode], [Phone], [Email], [SupportRepId]) VALUES (40, N'Dominique', N'Lefebvre', N'8, Rue Hanovre', N'Paris', N'France', N'75002', N'+33 01 47 42 71 71', N'dominiquelefebvre@mediastoredb.com', 4);
INSERT INTO [dbo].[Customer] ([CustomerId], [FirstName], [LastName], [Address], [City], [Country], [PostalCode], [Phone], [Email], [SupportRepId]) VALUES (41, N'Marc', N'Dubois', N'11, Place Bellecour', N'Lyon', N'France', N'69002', N'+33 04 78 30 30 30', N'marc.dubois@mediastoredb.com', 5);
INSERT INTO [dbo].[Customer] ([CustomerId], [FirstName], [LastName], [Address], [City], [Country], [PostalCode], [Phone], [Email], [SupportRepId]) VALUES (42, N'Wyatt', N'Girard', N'9, Place Louis Barthou', N'Bordeaux', N'France', N'33000', N'+33 05 56 96 96 96', N'wyatt.girard@mediastoredb.fr', 3);
INSERT INTO [dbo].[Customer] ([CustomerId], [FirstName], [LastName], [Address], [City], [Country], [PostalCode], [Phone], [Email], [SupportRepId]) VALUES (43, N'Isabelle', N'Mercier', N'68, Rue Jouvence', N'Dijon', N'France', N'21000', N'+33 03 80 73 66 99', N'isabelle_mercier@mediastoredb.fr', 3);
INSERT INTO [dbo].[Customer] ([CustomerId], [FirstName], [LastName], [Address], [City], [Country], [PostalCode], [Phone], [Email], [SupportRepId]) VALUES (44, N'Terhi', N'Hämäläinen', N'Porthaninkatu 9', N'Helsinki', N'Finland', N'00530', N'+358 09 870 2000', N'terhi.hamalainen@mediastoredb.fi', 3);
INSERT INTO [dbo].[Customer] ([CustomerId], [FirstName], [LastName], [Address], [City], [Country], [PostalCode], [Email], [SupportRepId]) VALUES (45, N'Ladislav', N'Kovács', N'Erzsébet krt. 58.', N'Budapest', N'Hungary', N'H-1073', N'ladislav_kovacs@mediastoredb.hu', 3);
INSERT INTO [dbo].[Customer] ([CustomerId], [FirstName], [LastName], [Address], [City], [State], [Country], [Phone], [Email], [SupportRepId]) VALUES (46, N'Hugh', N'O''Reilly', N'3 Chatham Street', N'Dublin', N'Dublin', N'Ireland', N'+353 01 6792424', N'hughoreilly@mediastoredb.ie', 3);
INSERT INTO [dbo].[Customer] ([CustomerId], [FirstName], [LastName], [Address], [City], [State], [Country], [PostalCode], [Phone], [Email], [SupportRepId]) VALUES (47, N'Lucas', N'Mancini', N'Via Degli Scipioni, 43', N'Rome', N'RM', N'Italy', N'00192', N'+39 06 39733434', N'lucas.mancini@mediastoredb.it', 5);
INSERT INTO [dbo].[Customer] ([CustomerId], [FirstName], [LastName], [Address], [City], [State], [Country], [PostalCode], [Phone], [Email], [SupportRepId]) VALUES (48, N'Johannes', N'Van der Berg', N'Lijnbaansgracht 120bg', N'Amsterdam', N'VV', N'Netherlands', N'1016', N'+31 020 6223130', N'johavanderberg@mediastoredb.nl', 5);
INSERT INTO [dbo].[Customer] ([CustomerId], [FirstName], [LastName], [Address], [City], [Country], [PostalCode], [Phone], [Email], [SupportRepId]) VALUES (49, N'Stanisław', N'Wójcik', N'Ordynacka 10', N'Warsaw', N'Poland', N'00-358', N'+48 22 828 37 39', N'stanisław.wójcik@mediastoredb.pl', 4);
INSERT INTO [dbo].[Customer] ([CustomerId], [FirstName], [LastName], [Address], [City], [Country], [PostalCode], [Phone], [Email], [SupportRepId]) VALUES (50, N'Enrique', N'Muñoz', N'C/ San Bernardo 85', N'Madrid', N'Spain', N'28015', N'+34 914 454 454', N'enrique_munoz@mediastoredb.es', 5);
INSERT INTO [dbo].[Customer] ([CustomerId], [FirstName], [LastName], [Address], [City], [Country], [PostalCode], [Phone], [Email], [SupportRepId]) VALUES (51, N'Joakim', N'Johansson', N'Celsiusg. 9', N'Stockholm', N'Sweden', N'11230', N'+46 08-651 52 52', N'joakim.johansson@mediastoredb.se', 5);
INSERT INTO [dbo].[Customer] ([CustomerId], [FirstName], [LastName], [Address], [City], [Country], [PostalCode], [Phone], [Email], [SupportRepId]) VALUES (52, N'Emma', N'Jones', N'202 Hoxton Street', N'London', N'United Kingdom', N'N1 5LH', N'+44 020 7707 0707', N'emma_jones@mediastoredb.com', 3);
INSERT INTO [dbo].[Customer] ([CustomerId], [FirstName], [LastName], [Address], [City], [Country], [PostalCode], [Phone], [Email], [SupportRepId]) VALUES (53, N'Phil', N'Hughes', N'113 Lupus St', N'London', N'United Kingdom', N'SW1V 3EN', N'+44 020 7976 5722', N'phil.hughes@mediastoredb.com', 3);
INSERT INTO [dbo].[Customer] ([CustomerId], [FirstName], [LastName], [Address], [City], [Country], [PostalCode], [Phone], [Email], [SupportRepId]) VALUES (54, N'Steve', N'Murray', N'110 Raeburn Pl', N'Edinburgh ', N'United Kingdom', N'EH4 1HH', N'+44 0131 315 3300', N'steve.murray@mediastoredb.uk', 5);
INSERT INTO [dbo].[Customer] ([CustomerId], [FirstName], [LastName], [Address], [City], [State], [Country], [PostalCode], [Phone], [Email], [SupportRepId]) VALUES (55, N'Mark', N'Taylor', N'421 Bourke Street', N'Sidney', N'NSW', N'Australia', N'2010', N'+61 (02) 9332 3633', N'mark.taylor@mediastoredb.au', 4);
INSERT INTO [dbo].[Customer] ([CustomerId], [FirstName], [LastName], [Address], [City], [Country], [PostalCode], [Phone], [Email], [SupportRepId]) VALUES (56, N'flygo', N'Gutiérrez', N'307 Macacha Güemes', N'Buenos Aires', N'Argentina', N'1106', N'+54 (0)11 4311 4333', N'flygo.gutierrez@mediastoredb.ar', 4);
INSERT INTO [dbo].[Customer] ([CustomerId], [FirstName], [LastName], [Address], [City], [Country], [Phone], [Email], [SupportRepId]) VALUES (57, N'Luis', N'Rojas', N'Calle Lira, 198', N'Santiago', N'Chile', N'+56 (0)2 635 4444', N'luisrojas@mediastoredb.cl', 5);
INSERT INTO [dbo].[Customer] ([CustomerId], [FirstName], [LastName], [Address], [City], [Country], [PostalCode], [Phone], [Email], [SupportRepId]) VALUES (58, N'Manoj', N'Pareek', N'12,Community Centre', N'Delhi', N'India', N'110017', N'+91 0124 39883988', N'manoj.pareek@mediastoredb.com', 3);
INSERT INTO [dbo].[Customer] ([CustomerId], [FirstName], [LastName], [Address], [City], [Country], [PostalCode], [Phone], [Email], [SupportRepId]) VALUES (59, N'Puja', N'Srivastava', N'3,Raj Bhavan Road', N'Bangalore', N'India', N'560001', N'+91 080 22289999', N'puja_srivastava@mediastoredb.in', 3);

INSERT INTO [dbo].[Invoice] ([InvoiceId], [CustomerId], [InvoiceDate], [BillingAddress], [BillingCity], [BillingCountry], [BillingPostalCode], [Total]) VALUES (1, 2, '2009/1/1', N'Theodor-Heuss-Straße 34', N'Stuttgart', N'Germany', N'70174', 1.98);
INSERT INTO [dbo].[Invoice] ([InvoiceId], [CustomerId], [InvoiceDate], [BillingAddress], [BillingCity], [BillingCountry], [BillingPostalCode], [Total]) VALUES (2, 4, '2009/1/2', N'Ullevålsveien 14', N'Oslo', N'Norway', N'0171', 3.96);
INSERT INTO [dbo].[Invoice] ([InvoiceId], [CustomerId], [InvoiceDate], [BillingAddress], [BillingCity], [BillingCountry], [BillingPostalCode], [Total]) VALUES (3, 8, '2009/1/3', N'Grétrystraat 63', N'Brussels', N'Belgium', N'1000', 5.94);
INSERT INTO [dbo].[Invoice] ([InvoiceId], [CustomerId], [InvoiceDate], [BillingAddress], [BillingCity], [BillingState], [BillingCountry], [BillingPostalCode], [Total]) VALUES (4, 14, '2009/1/6', N'8210 111 ST NW', N'Edmonton', N'AB', N'Canada', N'T6G 2C7', 8.91);
INSERT INTO [dbo].[Invoice] ([InvoiceId], [CustomerId], [InvoiceDate], [BillingAddress], [BillingCity], [BillingState], [BillingCountry], [BillingPostalCode], [Total]) VALUES (5, 23, '2009/1/11', N'69 Salem Street', N'Boston', N'MA', N'USA', N'2113', 13.86);
INSERT INTO [dbo].[Invoice] ([InvoiceId], [CustomerId], [InvoiceDate], [BillingAddress], [BillingCity], [BillingCountry], [BillingPostalCode], [Total]) VALUES (6, 37, '2009/1/19', N'Berger Straße 10', N'Frankfurt', N'Germany', N'60316', 0.99);
INSERT INTO [dbo].[Invoice] ([InvoiceId], [CustomerId], [InvoiceDate], [BillingAddress], [BillingCity], [BillingCountry], [BillingPostalCode], [Total]) VALUES (7, 38, '2009/2/1', N'Barbarossastraße 19', N'Berlin', N'Germany', N'10779', 1.98);
INSERT INTO [dbo].[Invoice] ([InvoiceId], [CustomerId], [InvoiceDate], [BillingAddress], [BillingCity], [BillingCountry], [BillingPostalCode], [Total]) VALUES (8, 40, '2009/2/1', N'8, Rue Hanovre', N'Paris', N'France', N'75002', 1.98);
INSERT INTO [dbo].[Invoice] ([InvoiceId], [CustomerId], [InvoiceDate], [BillingAddress], [BillingCity], [BillingCountry], [BillingPostalCode], [Total]) VALUES (9, 42, '2009/2/2', N'9, Place Louis Barthou', N'Bordeaux', N'France', N'33000', 3.96);
INSERT INTO [dbo].[Invoice] ([InvoiceId], [CustomerId], [InvoiceDate], [BillingAddress], [BillingCity], [BillingState], [BillingCountry], [Total]) VALUES (10, 46, '2009/2/3', N'3 Chatham Street', N'Dublin', N'Dublin', N'Ireland', 5.94);
INSERT INTO [dbo].[Invoice] ([InvoiceId], [CustomerId], [InvoiceDate], [BillingAddress], [BillingCity], [BillingCountry], [BillingPostalCode], [Total]) VALUES (11, 52, '2009/2/6', N'202 Hoxton Street', N'London', N'United Kingdom', N'N1 5LH', 7.92);
INSERT INTO [dbo].[Invoice] ([InvoiceId], [CustomerId], [InvoiceDate], [BillingAddress], [BillingCity], [BillingCountry], [BillingPostalCode], [Total]) VALUES (12, 2, '2009/2/11', N'Theodor-Heuss-Straße 34', N'Stuttgart', N'Germany', N'70174', 2.97);
INSERT INTO [dbo].[Invoice] ([InvoiceId], [CustomerId], [InvoiceDate], [BillingAddress], [BillingCity], [BillingState], [BillingCountry], [BillingPostalCode], [Total]) VALUES (13, 16, '2009/2/19', N'1600 Amphitheatre Parkway', N'Mountain View', N'CA', N'USA', N'94043-1351', 3.96);
INSERT INTO [dbo].[Invoice] ([InvoiceId], [CustomerId], [InvoiceDate], [BillingAddress], [BillingCity], [BillingState], [BillingCountry], [BillingPostalCode], [Total]) VALUES (14, 17, '2009/3/4', N'1 Microsoft Way', N'Redmond', N'WA', N'USA', N'98052-8300', 8.91);
INSERT INTO [dbo].[Invoice] ([InvoiceId], [CustomerId], [InvoiceDate], [BillingAddress], [BillingCity], [BillingState], [BillingCountry], [BillingPostalCode], [Total]) VALUES (15, 19, '2009/3/4', N'1 Infinite Loop', N'Cupertino', N'CA', N'USA', N'95014', 13.86);
INSERT INTO [dbo].[Invoice] ([InvoiceId], [CustomerId], [InvoiceDate], [BillingAddress], [BillingCity], [BillingState], [BillingCountry], [BillingPostalCode], [Total]) VALUES (16, 21, '2009/3/5', N'801 W 4th Street', N'Reno', N'NV', N'USA', N'89503', 0.99);
INSERT INTO [dbo].[Invoice] ([InvoiceId], [CustomerId], [InvoiceDate], [BillingAddress], [BillingCity], [BillingState], [BillingCountry], [BillingPostalCode], [Total]) VALUES (17, 25, '2009/3/6', N'319 N. Frances Street', N'Madison', N'WI', N'USA', N'53703', 1.98);
INSERT INTO [dbo].[Invoice] ([InvoiceId], [CustomerId], [InvoiceDate], [BillingAddress], [BillingCity], [BillingState], [BillingCountry], [BillingPostalCode], [Total]) VALUES (18, 31, '2009/3/9', N'194A Chain Lake Drive', N'Halifax', N'NS', N'Canada', N'B3S 1C5', 1.98);
INSERT INTO [dbo].[Invoice] ([InvoiceId], [CustomerId], [InvoiceDate], [BillingAddress], [BillingCity], [BillingCountry], [BillingPostalCode], [Total]) VALUES (19, 40, '2009/3/14', N'8, Rue Hanovre', N'Paris', N'France', N'75002', 3.96);
INSERT INTO [dbo].[Invoice] ([InvoiceId], [CustomerId], [InvoiceDate], [BillingAddress], [BillingCity], [BillingCountry], [BillingPostalCode], [Total]) VALUES (20, 54, '2009/3/22', N'110 Raeburn Pl', N'Edinburgh ', N'United Kingdom', N'EH4 1HH', 5.94);
INSERT INTO [dbo].[Invoice] ([InvoiceId], [CustomerId], [InvoiceDate], [BillingAddress], [BillingCity], [BillingState], [BillingCountry], [BillingPostalCode], [Total]) VALUES (21, 55, '2009/4/4', N'421 Bourke Street', N'Sidney', N'NSW', N'Australia', N'2010', 8.91);
INSERT INTO [dbo].[Invoice] ([InvoiceId], [CustomerId], [InvoiceDate], [BillingAddress], [BillingCity], [BillingCountry], [Total]) VALUES (22, 57, '2009/4/4', N'Calle Lira, 198', N'Santiago', N'Chile', 4.95);
INSERT INTO [dbo].[Invoice] ([InvoiceId], [CustomerId], [InvoiceDate], [BillingAddress], [BillingCity], [BillingCountry], [BillingPostalCode], [Total]) VALUES (23, 59, '2009/4/5', N'3,Raj Bhavan Road', N'Bangalore', N'India', N'560001', 7.92);
INSERT INTO [dbo].[Invoice] ([InvoiceId], [CustomerId], [InvoiceDate], [BillingAddress], [BillingCity], [BillingCountry], [BillingPostalCode], [Total]) VALUES (24, 4, '2009/4/6', N'Ullevålsveien 14', N'Oslo', N'Norway', N'0171', 13.86);
INSERT INTO [dbo].[Invoice] ([InvoiceId], [CustomerId], [InvoiceDate], [BillingAddress], [BillingCity], [BillingState], [BillingCountry], [BillingPostalCode], [Total]) VALUES (25, 10, '2009/4/9', N'Rua Dr. Falcão Filho, 155', N'São Paulo', N'SP', N'Brazil', N'01007-010', 0.99);
INSERT INTO [dbo].[Invoice] ([InvoiceId], [CustomerId], [InvoiceDate], [BillingAddress], [BillingCity], [BillingState], [BillingCountry], [BillingPostalCode], [Total]) VALUES (26, 19, '2009/4/14', N'1 Infinite Loop', N'Cupertino', N'CA', N'USA', N'95014', 1.98);
INSERT INTO [dbo].[Invoice] ([InvoiceId], [CustomerId], [InvoiceDate], [BillingAddress], [BillingCity], [BillingState], [BillingCountry], [BillingPostalCode], [Total]) VALUES (27, 33, '2009/4/22', N'5112 48 Street', N'Yellowknife', N'NT', N'Canada', N'X1A 1N6', 1.98);
INSERT INTO [dbo].[Invoice] ([InvoiceId], [CustomerId], [InvoiceDate], [BillingAddress], [BillingCity], [BillingCountry], [Total]) VALUES (28, 34, '2009/5/5', N'Rua da baseunção 53', N'Lisbon', N'Portugal', 3.96);
INSERT INTO [dbo].[Invoice] ([InvoiceId], [CustomerId], [InvoiceDate], [BillingAddress], [BillingCity], [BillingCountry], [BillingPostalCode], [Total]) VALUES (29, 36, '2009/5/5', N'Tauentzienstraße 8', N'Berlin', N'Germany', N'10789', 5.94);
INSERT INTO [dbo].[Invoice] ([InvoiceId], [CustomerId], [InvoiceDate], [BillingAddress], [BillingCity], [BillingCountry], [BillingPostalCode], [Total]) VALUES (30, 38, '2009/5/6', N'Barbarossastraße 19', N'Berlin', N'Germany', N'10779', 8.91);
INSERT INTO [dbo].[Invoice] ([InvoiceId], [CustomerId], [InvoiceDate], [BillingAddress], [BillingCity], [BillingCountry], [BillingPostalCode], [Total]) VALUES (31, 42, '2009/5/7', N'9, Place Louis Barthou', N'Bordeaux', N'France', N'33000', 7.92);
INSERT INTO [dbo].[Invoice] ([InvoiceId], [CustomerId], [InvoiceDate], [BillingAddress], [BillingCity], [BillingState], [BillingCountry], [BillingPostalCode], [Total]) VALUES (32, 48, '2009/5/10', N'Lijnbaansgracht 120bg', N'Amsterdam', N'VV', N'Netherlands', N'1016', 3.96);
INSERT INTO [dbo].[Invoice] ([InvoiceId], [CustomerId], [InvoiceDate], [BillingAddress], [BillingCity], [BillingCountry], [Total]) VALUES (33, 57, '2009/5/15', N'Calle Lira, 198', N'Santiago', N'Chile', 13.86);
INSERT INTO [dbo].[Invoice] ([InvoiceId], [CustomerId], [InvoiceDate], [BillingAddress], [BillingCity], [BillingState], [BillingCountry], [BillingPostalCode], [Total]) VALUES (34, 12, '2009/5/23', N'Praça Pio X, 119', N'Rio de Janeiro', N'RJ', N'Brazil', N'20040-020', 0.99);
INSERT INTO [dbo].[Invoice] ([InvoiceId], [CustomerId], [InvoiceDate], [BillingAddress], [BillingCity], [BillingState], [BillingCountry], [BillingPostalCode], [Total]) VALUES (35, 13, '2009/6/5', N'Qe 7 Bloco G', N'Brasília', N'DF', N'Brazil', N'71020-677', 1.98);
INSERT INTO [dbo].[Invoice] ([InvoiceId], [CustomerId], [InvoiceDate], [BillingAddress], [BillingCity], [BillingState], [BillingCountry], [BillingPostalCode], [Total]) VALUES (36, 15, '2009/6/5', N'700 W Pender Street', N'Vancouver', N'BC', N'Canada', N'V6C 1G8', 1.98);
INSERT INTO [dbo].[Invoice] ([InvoiceId], [CustomerId], [InvoiceDate], [BillingAddress], [BillingCity], [BillingState], [BillingCountry], [BillingPostalCode], [Total]) VALUES (37, 17, '2009/6/6', N'1 Microsoft Way', N'Redmond', N'WA', N'USA', N'98052-8300', 3.96);
INSERT INTO [dbo].[Invoice] ([InvoiceId], [CustomerId], [InvoiceDate], [BillingAddress], [BillingCity], [BillingState], [BillingCountry], [BillingPostalCode], [Total]) VALUES (38, 21, '2009/6/7', N'801 W 4th Street', N'Reno', N'NV', N'USA', N'89503', 5.94);
INSERT INTO [dbo].[Invoice] ([InvoiceId], [CustomerId], [InvoiceDate], [BillingAddress], [BillingCity], [BillingState], [BillingCountry], [BillingPostalCode], [Total]) VALUES (39, 27, '2009/6/10', N'1033 N Park Ave', N'Tucson', N'AZ', N'USA', N'85719', 8.91);
INSERT INTO [dbo].[Invoice] ([InvoiceId], [CustomerId], [InvoiceDate], [BillingAddress], [BillingCity], [BillingCountry], [BillingPostalCode], [Total]) VALUES (40, 36, '2009/6/15', N'Tauentzienstraße 8', N'Berlin', N'Germany', N'10789', 9.90);

INSERT INTO [dbo].[InvoiceLine] ([InvoiceLineId], [InvoiceId], [TrackId], [UnitPrice], [Quantity]) VALUES (1, 1, 2, 0.99, 1);
INSERT INTO [dbo].[InvoiceLine] ([InvoiceLineId], [InvoiceId], [TrackId], [UnitPrice], [Quantity]) VALUES (2, 1, 4, 0.99, 1);
INSERT INTO [dbo].[InvoiceLine] ([InvoiceLineId], [InvoiceId], [TrackId], [UnitPrice], [Quantity]) VALUES (3, 2, 6, 0.99, 1);
INSERT INTO [dbo].[InvoiceLine] ([InvoiceLineId], [InvoiceId], [TrackId], [UnitPrice], [Quantity]) VALUES (4, 2, 8, 0.99, 1);
INSERT INTO [dbo].[InvoiceLine] ([InvoiceLineId], [InvoiceId], [TrackId], [UnitPrice], [Quantity]) VALUES (5, 2, 10, 0.99, 1);
INSERT INTO [dbo].[InvoiceLine] ([InvoiceLineId], [InvoiceId], [TrackId], [UnitPrice], [Quantity]) VALUES (6, 2, 12, 0.99, 1);
INSERT INTO [dbo].[InvoiceLine] ([InvoiceLineId], [InvoiceId], [TrackId], [UnitPrice], [Quantity]) VALUES (7, 3, 16, 0.99, 1);
INSERT INTO [dbo].[InvoiceLine] ([InvoiceLineId], [InvoiceId], [TrackId], [UnitPrice], [Quantity]) VALUES (8, 3, 20, 0.99, 1);
INSERT INTO [dbo].[InvoiceLine] ([InvoiceLineId], [InvoiceId], [TrackId], [UnitPrice], [Quantity]) VALUES (9, 3, 24, 0.99, 1);
INSERT INTO [dbo].[InvoiceLine] ([InvoiceLineId], [InvoiceId], [TrackId], [UnitPrice], [Quantity]) VALUES (10, 3, 28, 0.99, 1);
INSERT INTO [dbo].[InvoiceLine] ([InvoiceLineId], [InvoiceId], [TrackId], [UnitPrice], [Quantity]) VALUES (11, 3, 32, 0.99, 1);
INSERT INTO [dbo].[InvoiceLine] ([InvoiceLineId], [InvoiceId], [TrackId], [UnitPrice], [Quantity]) VALUES (12, 3, 36, 0.99, 1);
INSERT INTO [dbo].[InvoiceLine] ([InvoiceLineId], [InvoiceId], [TrackId], [UnitPrice], [Quantity]) VALUES (13, 4, 42, 0.99, 1);
INSERT INTO [dbo].[InvoiceLine] ([InvoiceLineId], [InvoiceId], [TrackId], [UnitPrice], [Quantity]) VALUES (14, 4, 48, 0.99, 1);
INSERT INTO [dbo].[InvoiceLine] ([InvoiceLineId], [InvoiceId], [TrackId], [UnitPrice], [Quantity]) VALUES (15, 4, 54, 0.99, 1);
INSERT INTO [dbo].[InvoiceLine] ([InvoiceLineId], [InvoiceId], [TrackId], [UnitPrice], [Quantity]) VALUES (16, 4, 60, 0.99, 1);
INSERT INTO [dbo].[InvoiceLine] ([InvoiceLineId], [InvoiceId], [TrackId], [UnitPrice], [Quantity]) VALUES (17, 4, 66, 0.99, 1);
INSERT INTO [dbo].[InvoiceLine] ([InvoiceLineId], [InvoiceId], [TrackId], [UnitPrice], [Quantity]) VALUES (18, 4, 72, 0.99, 1);
INSERT INTO [dbo].[InvoiceLine] ([InvoiceLineId], [InvoiceId], [TrackId], [UnitPrice], [Quantity]) VALUES (19, 4, 78, 0.99, 1);
INSERT INTO [dbo].[InvoiceLine] ([InvoiceLineId], [InvoiceId], [TrackId], [UnitPrice], [Quantity]) VALUES (20, 4, 84, 0.99, 1);
INSERT INTO [dbo].[InvoiceLine] ([InvoiceLineId], [InvoiceId], [TrackId], [UnitPrice], [Quantity]) VALUES (21, 4, 90, 0.99, 1);
INSERT INTO [dbo].[InvoiceLine] ([InvoiceLineId], [InvoiceId], [TrackId], [UnitPrice], [Quantity]) VALUES (22, 5, 99, 0.99, 1);
INSERT INTO [dbo].[InvoiceLine] ([InvoiceLineId], [InvoiceId], [TrackId], [UnitPrice], [Quantity]) VALUES (23, 5, 108, 0.99, 1);
INSERT INTO [dbo].[InvoiceLine] ([InvoiceLineId], [InvoiceId], [TrackId], [UnitPrice], [Quantity]) VALUES (24, 5, 117, 0.99, 1);
INSERT INTO [dbo].[InvoiceLine] ([InvoiceLineId], [InvoiceId], [TrackId], [UnitPrice], [Quantity]) VALUES (25, 5, 126, 0.99, 1);
INSERT INTO [dbo].[InvoiceLine] ([InvoiceLineId], [InvoiceId], [TrackId], [UnitPrice], [Quantity]) VALUES (26, 5, 135, 0.99, 1);
INSERT INTO [dbo].[InvoiceLine] ([InvoiceLineId], [InvoiceId], [TrackId], [UnitPrice], [Quantity]) VALUES (27, 5, 144, 0.99, 1);
INSERT INTO [dbo].[InvoiceLine] ([InvoiceLineId], [InvoiceId], [TrackId], [UnitPrice], [Quantity]) VALUES (28, 5, 153, 0.99, 1);
INSERT INTO [dbo].[InvoiceLine] ([InvoiceLineId], [InvoiceId], [TrackId], [UnitPrice], [Quantity]) VALUES (29, 5, 162, 0.99, 1);
INSERT INTO [dbo].[InvoiceLine] ([InvoiceLineId], [InvoiceId], [TrackId], [UnitPrice], [Quantity]) VALUES (30, 5, 171, 0.99, 1);
INSERT INTO [dbo].[InvoiceLine] ([InvoiceLineId], [InvoiceId], [TrackId], [UnitPrice], [Quantity]) VALUES (31, 5, 180, 0.99, 1);
INSERT INTO [dbo].[InvoiceLine] ([InvoiceLineId], [InvoiceId], [TrackId], [UnitPrice], [Quantity]) VALUES (32, 5, 189, 0.99, 1);
INSERT INTO [dbo].[InvoiceLine] ([InvoiceLineId], [InvoiceId], [TrackId], [UnitPrice], [Quantity]) VALUES (33, 5, 198, 0.99, 1);
INSERT INTO [dbo].[InvoiceLine] ([InvoiceLineId], [InvoiceId], [TrackId], [UnitPrice], [Quantity]) VALUES (34, 5, 207, 0.99, 1);
INSERT INTO [dbo].[InvoiceLine] ([InvoiceLineId], [InvoiceId], [TrackId], [UnitPrice], [Quantity]) VALUES (35, 5, 216, 0.99, 1);
INSERT INTO [dbo].[InvoiceLine] ([InvoiceLineId], [InvoiceId], [TrackId], [UnitPrice], [Quantity]) VALUES (36, 6, 230, 0.99, 1);
INSERT INTO [dbo].[InvoiceLine] ([InvoiceLineId], [InvoiceId], [TrackId], [UnitPrice], [Quantity]) VALUES (37, 7, 231, 0.99, 1);
INSERT INTO [dbo].[InvoiceLine] ([InvoiceLineId], [InvoiceId], [TrackId], [UnitPrice], [Quantity]) VALUES (38, 7, 232, 0.99, 1);
INSERT INTO [dbo].[InvoiceLine] ([InvoiceLineId], [InvoiceId], [TrackId], [UnitPrice], [Quantity]) VALUES (39, 8, 234, 0.99, 1);
INSERT INTO [dbo].[InvoiceLine] ([InvoiceLineId], [InvoiceId], [TrackId], [UnitPrice], [Quantity]) VALUES (40, 8, 236, 0.99, 1);
INSERT INTO [dbo].[InvoiceLine] ([InvoiceLineId], [InvoiceId], [TrackId], [UnitPrice], [Quantity]) VALUES (41, 9, 238, 0.99, 1);
INSERT INTO [dbo].[InvoiceLine] ([InvoiceLineId], [InvoiceId], [TrackId], [UnitPrice], [Quantity]) VALUES (42, 9, 240, 0.99, 1);
INSERT INTO [dbo].[InvoiceLine] ([InvoiceLineId], [InvoiceId], [TrackId], [UnitPrice], [Quantity]) VALUES (43, 9, 242, 0.99, 1);
INSERT INTO [dbo].[InvoiceLine] ([InvoiceLineId], [InvoiceId], [TrackId], [UnitPrice], [Quantity]) VALUES (44, 9, 244, 0.99, 1);
INSERT INTO [dbo].[InvoiceLine] ([InvoiceLineId], [InvoiceId], [TrackId], [UnitPrice], [Quantity]) VALUES (45, 10, 248, 0.99, 1);
INSERT INTO [dbo].[InvoiceLine] ([InvoiceLineId], [InvoiceId], [TrackId], [UnitPrice], [Quantity]) VALUES (46, 10, 252, 0.99, 1);
INSERT INTO [dbo].[InvoiceLine] ([InvoiceLineId], [InvoiceId], [TrackId], [UnitPrice], [Quantity]) VALUES (47, 10, 256, 0.99, 1);
INSERT INTO [dbo].[InvoiceLine] ([InvoiceLineId], [InvoiceId], [TrackId], [UnitPrice], [Quantity]) VALUES (48, 10, 260, 0.99, 1);
INSERT INTO [dbo].[InvoiceLine] ([InvoiceLineId], [InvoiceId], [TrackId], [UnitPrice], [Quantity]) VALUES (49, 10, 264, 0.99, 1);
INSERT INTO [dbo].[InvoiceLine] ([InvoiceLineId], [InvoiceId], [TrackId], [UnitPrice], [Quantity]) VALUES (50, 10, 268, 0.99, 1);
INSERT INTO [dbo].[InvoiceLine] ([InvoiceLineId], [InvoiceId], [TrackId], [UnitPrice], [Quantity]) VALUES (51, 11, 274, 0.99, 1);
INSERT INTO [dbo].[InvoiceLine] ([InvoiceLineId], [InvoiceId], [TrackId], [UnitPrice], [Quantity]) VALUES (52, 11, 280, 0.99, 1);
INSERT INTO [dbo].[InvoiceLine] ([InvoiceLineId], [InvoiceId], [TrackId], [UnitPrice], [Quantity]) VALUES (53, 11, 286, 0.99, 1);
INSERT INTO [dbo].[InvoiceLine] ([InvoiceLineId], [InvoiceId], [TrackId], [UnitPrice], [Quantity]) VALUES (54, 11, 292, 0.99, 1);
INSERT INTO [dbo].[InvoiceLine] ([InvoiceLineId], [InvoiceId], [TrackId], [UnitPrice], [Quantity]) VALUES (55, 11, 298, 0.99, 1);
INSERT INTO [dbo].[InvoiceLine] ([InvoiceLineId], [InvoiceId], [TrackId], [UnitPrice], [Quantity]) VALUES (56, 11, 304, 0.99, 1);
INSERT INTO [dbo].[InvoiceLine] ([InvoiceLineId], [InvoiceId], [TrackId], [UnitPrice], [Quantity]) VALUES (57, 11, 310, 0.99, 1);
INSERT INTO [dbo].[InvoiceLine] ([InvoiceLineId], [InvoiceId], [TrackId], [UnitPrice], [Quantity]) VALUES (58, 11, 316, 0.99, 1);
INSERT INTO [dbo].[InvoiceLine] ([InvoiceLineId], [InvoiceId], [TrackId], [UnitPrice], [Quantity]) VALUES (59, 11, 322, 0.99, 1);
INSERT INTO [dbo].[InvoiceLine] ([InvoiceLineId], [InvoiceId], [TrackId], [UnitPrice], [Quantity]) VALUES (60, 12, 331, 0.99, 1);
INSERT INTO [dbo].[InvoiceLine] ([InvoiceLineId], [InvoiceId], [TrackId], [UnitPrice], [Quantity]) VALUES (61, 12, 340, 0.99, 1);
INSERT INTO [dbo].[InvoiceLine] ([InvoiceLineId], [InvoiceId], [TrackId], [UnitPrice], [Quantity]) VALUES (62, 12, 349, 0.99, 1);
INSERT INTO [dbo].[InvoiceLine] ([InvoiceLineId], [InvoiceId], [TrackId], [UnitPrice], [Quantity]) VALUES (63, 13, 1, 0.99, 1);
INSERT INTO [dbo].[InvoiceLine] ([InvoiceLineId], [InvoiceId], [TrackId], [UnitPrice], [Quantity]) VALUES (64, 13, 5, 0.99, 1);
INSERT INTO [dbo].[InvoiceLine] ([InvoiceLineId], [InvoiceId], [TrackId], [UnitPrice], [Quantity]) VALUES (65, 13, 9, 0.99, 1);
INSERT INTO [dbo].[InvoiceLine] ([InvoiceLineId], [InvoiceId], [TrackId], [UnitPrice], [Quantity]) VALUES (66, 13, 13, 0.99, 1);
INSERT INTO [dbo].[InvoiceLine] ([InvoiceLineId], [InvoiceId], [TrackId], [UnitPrice], [Quantity]) VALUES (67, 14, 19, 0.99, 1);
INSERT INTO [dbo].[InvoiceLine] ([InvoiceLineId], [InvoiceId], [TrackId], [UnitPrice], [Quantity]) VALUES (68, 14, 25, 0.99, 1);
INSERT INTO [dbo].[InvoiceLine] ([InvoiceLineId], [InvoiceId], [TrackId], [UnitPrice], [Quantity]) VALUES (69, 14, 31, 0.99, 1);
INSERT INTO [dbo].[InvoiceLine] ([InvoiceLineId], [InvoiceId], [TrackId], [UnitPrice], [Quantity]) VALUES (70, 14, 37, 0.99, 1);
INSERT INTO [dbo].[InvoiceLine] ([InvoiceLineId], [InvoiceId], [TrackId], [UnitPrice], [Quantity]) VALUES (71, 14, 43, 0.99, 1);
INSERT INTO [dbo].[InvoiceLine] ([InvoiceLineId], [InvoiceId], [TrackId], [UnitPrice], [Quantity]) VALUES (72, 14, 49, 0.99, 1);
INSERT INTO [dbo].[InvoiceLine] ([InvoiceLineId], [InvoiceId], [TrackId], [UnitPrice], [Quantity]) VALUES (73, 14, 55, 0.99, 1);
INSERT INTO [dbo].[InvoiceLine] ([InvoiceLineId], [InvoiceId], [TrackId], [UnitPrice], [Quantity]) VALUES (74, 14, 61, 0.99, 1);
INSERT INTO [dbo].[InvoiceLine] ([InvoiceLineId], [InvoiceId], [TrackId], [UnitPrice], [Quantity]) VALUES (75, 14, 67, 0.99, 1);
INSERT INTO [dbo].[InvoiceLine] ([InvoiceLineId], [InvoiceId], [TrackId], [UnitPrice], [Quantity]) VALUES (76, 15, 76, 0.99, 1);
INSERT INTO [dbo].[InvoiceLine] ([InvoiceLineId], [InvoiceId], [TrackId], [UnitPrice], [Quantity]) VALUES (77, 15, 85, 0.99, 1);
INSERT INTO [dbo].[InvoiceLine] ([InvoiceLineId], [InvoiceId], [TrackId], [UnitPrice], [Quantity]) VALUES (78, 15, 94, 0.99, 1);
INSERT INTO [dbo].[InvoiceLine] ([InvoiceLineId], [InvoiceId], [TrackId], [UnitPrice], [Quantity]) VALUES (79, 15, 103, 0.99, 1);
INSERT INTO [dbo].[InvoiceLine] ([InvoiceLineId], [InvoiceId], [TrackId], [UnitPrice], [Quantity]) VALUES (80, 15, 112, 0.99, 1);
INSERT INTO [dbo].[InvoiceLine] ([InvoiceLineId], [InvoiceId], [TrackId], [UnitPrice], [Quantity]) VALUES (81, 15, 121, 0.99, 1);
INSERT INTO [dbo].[InvoiceLine] ([InvoiceLineId], [InvoiceId], [TrackId], [UnitPrice], [Quantity]) VALUES (82, 15, 130, 0.99, 1);
INSERT INTO [dbo].[InvoiceLine] ([InvoiceLineId], [InvoiceId], [TrackId], [UnitPrice], [Quantity]) VALUES (83, 15, 139, 0.99, 1);
INSERT INTO [dbo].[InvoiceLine] ([InvoiceLineId], [InvoiceId], [TrackId], [UnitPrice], [Quantity]) VALUES (84, 15, 148, 0.99, 1);
INSERT INTO [dbo].[InvoiceLine] ([InvoiceLineId], [InvoiceId], [TrackId], [UnitPrice], [Quantity]) VALUES (85, 15, 157, 0.99, 1);
INSERT INTO [dbo].[InvoiceLine] ([InvoiceLineId], [InvoiceId], [TrackId], [UnitPrice], [Quantity]) VALUES (86, 15, 166, 0.99, 1);
INSERT INTO [dbo].[InvoiceLine] ([InvoiceLineId], [InvoiceId], [TrackId], [UnitPrice], [Quantity]) VALUES (87, 15, 175, 0.99, 1);
INSERT INTO [dbo].[InvoiceLine] ([InvoiceLineId], [InvoiceId], [TrackId], [UnitPrice], [Quantity]) VALUES (88, 15, 184, 0.99, 1);
INSERT INTO [dbo].[InvoiceLine] ([InvoiceLineId], [InvoiceId], [TrackId], [UnitPrice], [Quantity]) VALUES (89, 15, 193, 0.99, 1);
INSERT INTO [dbo].[InvoiceLine] ([InvoiceLineId], [InvoiceId], [TrackId], [UnitPrice], [Quantity]) VALUES (90, 16, 207, 0.99, 1);
INSERT INTO [dbo].[InvoiceLine] ([InvoiceLineId], [InvoiceId], [TrackId], [UnitPrice], [Quantity]) VALUES (91, 17, 208, 0.99, 1);
INSERT INTO [dbo].[InvoiceLine] ([InvoiceLineId], [InvoiceId], [TrackId], [UnitPrice], [Quantity]) VALUES (92, 17, 209, 0.99, 1);
INSERT INTO [dbo].[InvoiceLine] ([InvoiceLineId], [InvoiceId], [TrackId], [UnitPrice], [Quantity]) VALUES (93, 18, 211, 0.99, 1);
INSERT INTO [dbo].[InvoiceLine] ([InvoiceLineId], [InvoiceId], [TrackId], [UnitPrice], [Quantity]) VALUES (94, 18, 213, 0.99, 1);
INSERT INTO [dbo].[InvoiceLine] ([InvoiceLineId], [InvoiceId], [TrackId], [UnitPrice], [Quantity]) VALUES (95, 19, 215, 0.99, 1);
INSERT INTO [dbo].[InvoiceLine] ([InvoiceLineId], [InvoiceId], [TrackId], [UnitPrice], [Quantity]) VALUES (96, 19, 217, 0.99, 1);
INSERT INTO [dbo].[InvoiceLine] ([InvoiceLineId], [InvoiceId], [TrackId], [UnitPrice], [Quantity]) VALUES (97, 19, 219, 0.99, 1);
INSERT INTO [dbo].[InvoiceLine] ([InvoiceLineId], [InvoiceId], [TrackId], [UnitPrice], [Quantity]) VALUES (98, 19, 221, 0.99, 1);
INSERT INTO [dbo].[InvoiceLine] ([InvoiceLineId], [InvoiceId], [TrackId], [UnitPrice], [Quantity]) VALUES (99, 20, 225, 0.99, 1);
INSERT INTO [dbo].[InvoiceLine] ([InvoiceLineId], [InvoiceId], [TrackId], [UnitPrice], [Quantity]) VALUES (100, 20, 229, 0.99, 1);
INSERT INTO [dbo].[InvoiceLine] ([InvoiceLineId], [InvoiceId], [TrackId], [UnitPrice], [Quantity]) VALUES (101, 20, 233, 0.99, 1);
INSERT INTO [dbo].[InvoiceLine] ([InvoiceLineId], [InvoiceId], [TrackId], [UnitPrice], [Quantity]) VALUES (102, 20, 237, 0.99, 1);
INSERT INTO [dbo].[InvoiceLine] ([InvoiceLineId], [InvoiceId], [TrackId], [UnitPrice], [Quantity]) VALUES (103, 20, 241, 0.99, 1);
INSERT INTO [dbo].[InvoiceLine] ([InvoiceLineId], [InvoiceId], [TrackId], [UnitPrice], [Quantity]) VALUES (104, 20, 245, 0.99, 1);
INSERT INTO [dbo].[InvoiceLine] ([InvoiceLineId], [InvoiceId], [TrackId], [UnitPrice], [Quantity]) VALUES (105, 21, 251, 0.99, 1);
INSERT INTO [dbo].[InvoiceLine] ([InvoiceLineId], [InvoiceId], [TrackId], [UnitPrice], [Quantity]) VALUES (106, 21, 257, 0.99, 1);
INSERT INTO [dbo].[InvoiceLine] ([InvoiceLineId], [InvoiceId], [TrackId], [UnitPrice], [Quantity]) VALUES (107, 21, 263, 0.99, 1);
INSERT INTO [dbo].[InvoiceLine] ([InvoiceLineId], [InvoiceId], [TrackId], [UnitPrice], [Quantity]) VALUES (108, 21, 269, 0.99, 1);
INSERT INTO [dbo].[InvoiceLine] ([InvoiceLineId], [InvoiceId], [TrackId], [UnitPrice], [Quantity]) VALUES (109, 21, 275, 0.99, 1);
INSERT INTO [dbo].[InvoiceLine] ([InvoiceLineId], [InvoiceId], [TrackId], [UnitPrice], [Quantity]) VALUES (110, 21, 281, 0.99, 1);
INSERT INTO [dbo].[InvoiceLine] ([InvoiceLineId], [InvoiceId], [TrackId], [UnitPrice], [Quantity]) VALUES (111, 21, 287, 0.99, 1);
INSERT INTO [dbo].[InvoiceLine] ([InvoiceLineId], [InvoiceId], [TrackId], [UnitPrice], [Quantity]) VALUES (112, 21, 293, 0.99, 1);
INSERT INTO [dbo].[InvoiceLine] ([InvoiceLineId], [InvoiceId], [TrackId], [UnitPrice], [Quantity]) VALUES (113, 21, 299, 0.99, 1);
INSERT INTO [dbo].[InvoiceLine] ([InvoiceLineId], [InvoiceId], [TrackId], [UnitPrice], [Quantity]) VALUES (114, 22, 308, 0.99, 1);
INSERT INTO [dbo].[InvoiceLine] ([InvoiceLineId], [InvoiceId], [TrackId], [UnitPrice], [Quantity]) VALUES (115, 22, 317, 0.99, 1);
INSERT INTO [dbo].[InvoiceLine] ([InvoiceLineId], [InvoiceId], [TrackId], [UnitPrice], [Quantity]) VALUES (116, 22, 326, 0.99, 1);
INSERT INTO [dbo].[InvoiceLine] ([InvoiceLineId], [InvoiceId], [TrackId], [UnitPrice], [Quantity]) VALUES (117, 22, 335, 0.99, 1);
INSERT INTO [dbo].[InvoiceLine] ([InvoiceLineId], [InvoiceId], [TrackId], [UnitPrice], [Quantity]) VALUES (118, 22, 344, 0.99, 1);
INSERT INTO [dbo].[InvoiceLine] ([InvoiceLineId], [InvoiceId], [TrackId], [UnitPrice], [Quantity]) VALUES (119, 23, 2, 0.99, 1);
INSERT INTO [dbo].[InvoiceLine] ([InvoiceLineId], [InvoiceId], [TrackId], [UnitPrice], [Quantity]) VALUES (120, 23, 8, 0.99, 1);
INSERT INTO [dbo].[InvoiceLine] ([InvoiceLineId], [InvoiceId], [TrackId], [UnitPrice], [Quantity]) VALUES (121, 23, 14, 0.99, 1);
INSERT INTO [dbo].[InvoiceLine] ([InvoiceLineId], [InvoiceId], [TrackId], [UnitPrice], [Quantity]) VALUES (122, 23, 20, 0.99, 1);
INSERT INTO [dbo].[InvoiceLine] ([InvoiceLineId], [InvoiceId], [TrackId], [UnitPrice], [Quantity]) VALUES (123, 23, 26, 0.99, 1);
INSERT INTO [dbo].[InvoiceLine] ([InvoiceLineId], [InvoiceId], [TrackId], [UnitPrice], [Quantity]) VALUES (124, 23, 32, 0.99, 1);
INSERT INTO [dbo].[InvoiceLine] ([InvoiceLineId], [InvoiceId], [TrackId], [UnitPrice], [Quantity]) VALUES (125, 23, 38, 0.99, 1);
INSERT INTO [dbo].[InvoiceLine] ([InvoiceLineId], [InvoiceId], [TrackId], [UnitPrice], [Quantity]) VALUES (126, 23, 44, 0.99, 1);
INSERT INTO [dbo].[InvoiceLine] ([InvoiceLineId], [InvoiceId], [TrackId], [UnitPrice], [Quantity]) VALUES (127, 24, 53, 0.99, 1);
INSERT INTO [dbo].[InvoiceLine] ([InvoiceLineId], [InvoiceId], [TrackId], [UnitPrice], [Quantity]) VALUES (128, 24, 62, 0.99, 1);
INSERT INTO [dbo].[InvoiceLine] ([InvoiceLineId], [InvoiceId], [TrackId], [UnitPrice], [Quantity]) VALUES (129, 24, 71, 0.99, 1);
INSERT INTO [dbo].[InvoiceLine] ([InvoiceLineId], [InvoiceId], [TrackId], [UnitPrice], [Quantity]) VALUES (130, 24, 80, 0.99, 1);
INSERT INTO [dbo].[InvoiceLine] ([InvoiceLineId], [InvoiceId], [TrackId], [UnitPrice], [Quantity]) VALUES (131, 24, 89, 0.99, 1);
INSERT INTO [dbo].[InvoiceLine] ([InvoiceLineId], [InvoiceId], [TrackId], [UnitPrice], [Quantity]) VALUES (132, 24, 98, 0.99, 1);
INSERT INTO [dbo].[InvoiceLine] ([InvoiceLineId], [InvoiceId], [TrackId], [UnitPrice], [Quantity]) VALUES (133, 24, 107, 0.99, 1);
INSERT INTO [dbo].[InvoiceLine] ([InvoiceLineId], [InvoiceId], [TrackId], [UnitPrice], [Quantity]) VALUES (134, 24, 116, 0.99, 1);
INSERT INTO [dbo].[InvoiceLine] ([InvoiceLineId], [InvoiceId], [TrackId], [UnitPrice], [Quantity]) VALUES (135, 24, 125, 0.99, 1);
INSERT INTO [dbo].[InvoiceLine] ([InvoiceLineId], [InvoiceId], [TrackId], [UnitPrice], [Quantity]) VALUES (136, 24, 134, 0.99, 1);
INSERT INTO [dbo].[InvoiceLine] ([InvoiceLineId], [InvoiceId], [TrackId], [UnitPrice], [Quantity]) VALUES (137, 24, 143, 0.99, 1);
INSERT INTO [dbo].[InvoiceLine] ([InvoiceLineId], [InvoiceId], [TrackId], [UnitPrice], [Quantity]) VALUES (138, 24, 152, 0.99, 1);
INSERT INTO [dbo].[InvoiceLine] ([InvoiceLineId], [InvoiceId], [TrackId], [UnitPrice], [Quantity]) VALUES (139, 24, 161, 0.99, 1);
INSERT INTO [dbo].[InvoiceLine] ([InvoiceLineId], [InvoiceId], [TrackId], [UnitPrice], [Quantity]) VALUES (140, 24, 170, 0.99, 1);
INSERT INTO [dbo].[InvoiceLine] ([InvoiceLineId], [InvoiceId], [TrackId], [UnitPrice], [Quantity]) VALUES (141, 25, 184, 0.99, 1);
INSERT INTO [dbo].[InvoiceLine] ([InvoiceLineId], [InvoiceId], [TrackId], [UnitPrice], [Quantity]) VALUES (142, 26, 185, 0.99, 1);
INSERT INTO [dbo].[InvoiceLine] ([InvoiceLineId], [InvoiceId], [TrackId], [UnitPrice], [Quantity]) VALUES (143, 26, 186, 0.99, 1);
INSERT INTO [dbo].[InvoiceLine] ([InvoiceLineId], [InvoiceId], [TrackId], [UnitPrice], [Quantity]) VALUES (144, 27, 188, 0.99, 1);
INSERT INTO [dbo].[InvoiceLine] ([InvoiceLineId], [InvoiceId], [TrackId], [UnitPrice], [Quantity]) VALUES (145, 27, 190, 0.99, 1);
INSERT INTO [dbo].[InvoiceLine] ([InvoiceLineId], [InvoiceId], [TrackId], [UnitPrice], [Quantity]) VALUES (146, 28, 192, 0.99, 1);
INSERT INTO [dbo].[InvoiceLine] ([InvoiceLineId], [InvoiceId], [TrackId], [UnitPrice], [Quantity]) VALUES (147, 28, 194, 0.99, 1);
INSERT INTO [dbo].[InvoiceLine] ([InvoiceLineId], [InvoiceId], [TrackId], [UnitPrice], [Quantity]) VALUES (148, 28, 196, 0.99, 1);
INSERT INTO [dbo].[InvoiceLine] ([InvoiceLineId], [InvoiceId], [TrackId], [UnitPrice], [Quantity]) VALUES (149, 28, 198, 0.99, 1);
INSERT INTO [dbo].[InvoiceLine] ([InvoiceLineId], [InvoiceId], [TrackId], [UnitPrice], [Quantity]) VALUES (150, 29, 202, 0.99, 1);
INSERT INTO [dbo].[InvoiceLine] ([InvoiceLineId], [InvoiceId], [TrackId], [UnitPrice], [Quantity]) VALUES (151, 29, 206, 0.99, 1);
INSERT INTO [dbo].[InvoiceLine] ([InvoiceLineId], [InvoiceId], [TrackId], [UnitPrice], [Quantity]) VALUES (152, 29, 210, 0.99, 1);
INSERT INTO [dbo].[InvoiceLine] ([InvoiceLineId], [InvoiceId], [TrackId], [UnitPrice], [Quantity]) VALUES (153, 29, 214, 0.99, 1);
INSERT INTO [dbo].[InvoiceLine] ([InvoiceLineId], [InvoiceId], [TrackId], [UnitPrice], [Quantity]) VALUES (154, 29, 218, 0.99, 1);
INSERT INTO [dbo].[InvoiceLine] ([InvoiceLineId], [InvoiceId], [TrackId], [UnitPrice], [Quantity]) VALUES (155, 29, 222, 0.99, 1);
INSERT INTO [dbo].[InvoiceLine] ([InvoiceLineId], [InvoiceId], [TrackId], [UnitPrice], [Quantity]) VALUES (156, 30, 228, 0.99, 1);
INSERT INTO [dbo].[InvoiceLine] ([InvoiceLineId], [InvoiceId], [TrackId], [UnitPrice], [Quantity]) VALUES (157, 30, 234, 0.99, 1);
INSERT INTO [dbo].[InvoiceLine] ([InvoiceLineId], [InvoiceId], [TrackId], [UnitPrice], [Quantity]) VALUES (158, 30, 240, 0.99, 1);
INSERT INTO [dbo].[InvoiceLine] ([InvoiceLineId], [InvoiceId], [TrackId], [UnitPrice], [Quantity]) VALUES (159, 30, 246, 0.99, 1);
INSERT INTO [dbo].[InvoiceLine] ([InvoiceLineId], [InvoiceId], [TrackId], [UnitPrice], [Quantity]) VALUES (160, 30, 252, 0.99, 1);
INSERT INTO [dbo].[InvoiceLine] ([InvoiceLineId], [InvoiceId], [TrackId], [UnitPrice], [Quantity]) VALUES (161, 30, 258, 0.99, 1);
INSERT INTO [dbo].[InvoiceLine] ([InvoiceLineId], [InvoiceId], [TrackId], [UnitPrice], [Quantity]) VALUES (162, 30, 264, 0.99, 1);
INSERT INTO [dbo].[InvoiceLine] ([InvoiceLineId], [InvoiceId], [TrackId], [UnitPrice], [Quantity]) VALUES (163, 30, 270, 0.99, 1);
INSERT INTO [dbo].[InvoiceLine] ([InvoiceLineId], [InvoiceId], [TrackId], [UnitPrice], [Quantity]) VALUES (164, 30, 276, 0.99, 1);
INSERT INTO [dbo].[InvoiceLine] ([InvoiceLineId], [InvoiceId], [TrackId], [UnitPrice], [Quantity]) VALUES (165, 31, 285, 0.99, 1);
INSERT INTO [dbo].[InvoiceLine] ([InvoiceLineId], [InvoiceId], [TrackId], [UnitPrice], [Quantity]) VALUES (166, 31, 294, 0.99, 1);
INSERT INTO [dbo].[InvoiceLine] ([InvoiceLineId], [InvoiceId], [TrackId], [UnitPrice], [Quantity]) VALUES (167, 31, 303, 0.99, 1);
INSERT INTO [dbo].[InvoiceLine] ([InvoiceLineId], [InvoiceId], [TrackId], [UnitPrice], [Quantity]) VALUES (168, 31, 312, 0.99, 1);
INSERT INTO [dbo].[InvoiceLine] ([InvoiceLineId], [InvoiceId], [TrackId], [UnitPrice], [Quantity]) VALUES (169, 31, 321, 0.99, 1);
INSERT INTO [dbo].[InvoiceLine] ([InvoiceLineId], [InvoiceId], [TrackId], [UnitPrice], [Quantity]) VALUES (170, 31, 330, 0.99, 1);
INSERT INTO [dbo].[InvoiceLine] ([InvoiceLineId], [InvoiceId], [TrackId], [UnitPrice], [Quantity]) VALUES (171, 31, 339, 0.99, 1);
INSERT INTO [dbo].[InvoiceLine] ([InvoiceLineId], [InvoiceId], [TrackId], [UnitPrice], [Quantity]) VALUES (172, 31, 348, 0.99, 1);
INSERT INTO [dbo].[InvoiceLine] ([InvoiceLineId], [InvoiceId], [TrackId], [UnitPrice], [Quantity]) VALUES (173, 32, 3, 0.99, 1);
INSERT INTO [dbo].[InvoiceLine] ([InvoiceLineId], [InvoiceId], [TrackId], [UnitPrice], [Quantity]) VALUES (174, 32, 9, 0.99, 1);
INSERT INTO [dbo].[InvoiceLine] ([InvoiceLineId], [InvoiceId], [TrackId], [UnitPrice], [Quantity]) VALUES (175, 32, 15, 0.99, 1);
INSERT INTO [dbo].[InvoiceLine] ([InvoiceLineId], [InvoiceId], [TrackId], [UnitPrice], [Quantity]) VALUES (176, 32, 21, 0.99, 1);
INSERT INTO [dbo].[InvoiceLine] ([InvoiceLineId], [InvoiceId], [TrackId], [UnitPrice], [Quantity]) VALUES (177, 33, 30, 0.99, 1);
INSERT INTO [dbo].[InvoiceLine] ([InvoiceLineId], [InvoiceId], [TrackId], [UnitPrice], [Quantity]) VALUES (178, 33, 39, 0.99, 1);
INSERT INTO [dbo].[InvoiceLine] ([InvoiceLineId], [InvoiceId], [TrackId], [UnitPrice], [Quantity]) VALUES (179, 33, 48, 0.99, 1);
INSERT INTO [dbo].[InvoiceLine] ([InvoiceLineId], [InvoiceId], [TrackId], [UnitPrice], [Quantity]) VALUES (180, 33, 57, 0.99, 1);
INSERT INTO [dbo].[InvoiceLine] ([InvoiceLineId], [InvoiceId], [TrackId], [UnitPrice], [Quantity]) VALUES (181, 33, 66, 0.99, 1);
INSERT INTO [dbo].[InvoiceLine] ([InvoiceLineId], [InvoiceId], [TrackId], [UnitPrice], [Quantity]) VALUES (182, 33, 75, 0.99, 1);
INSERT INTO [dbo].[InvoiceLine] ([InvoiceLineId], [InvoiceId], [TrackId], [UnitPrice], [Quantity]) VALUES (183, 33, 84, 0.99, 1);
INSERT INTO [dbo].[InvoiceLine] ([InvoiceLineId], [InvoiceId], [TrackId], [UnitPrice], [Quantity]) VALUES (184, 33, 93, 0.99, 1);
INSERT INTO [dbo].[InvoiceLine] ([InvoiceLineId], [InvoiceId], [TrackId], [UnitPrice], [Quantity]) VALUES (185, 33, 102, 0.99, 1);
INSERT INTO [dbo].[InvoiceLine] ([InvoiceLineId], [InvoiceId], [TrackId], [UnitPrice], [Quantity]) VALUES (186, 33, 111, 0.99, 1);
INSERT INTO [dbo].[InvoiceLine] ([InvoiceLineId], [InvoiceId], [TrackId], [UnitPrice], [Quantity]) VALUES (187, 33, 120, 0.99, 1);
INSERT INTO [dbo].[InvoiceLine] ([InvoiceLineId], [InvoiceId], [TrackId], [UnitPrice], [Quantity]) VALUES (188, 33, 129, 0.99, 1);
INSERT INTO [dbo].[InvoiceLine] ([InvoiceLineId], [InvoiceId], [TrackId], [UnitPrice], [Quantity]) VALUES (189, 33, 138, 0.99, 1);
INSERT INTO [dbo].[InvoiceLine] ([InvoiceLineId], [InvoiceId], [TrackId], [UnitPrice], [Quantity]) VALUES (190, 33, 147, 0.99, 1);
INSERT INTO [dbo].[InvoiceLine] ([InvoiceLineId], [InvoiceId], [TrackId], [UnitPrice], [Quantity]) VALUES (191, 34, 161, 0.99, 1);
INSERT INTO [dbo].[InvoiceLine] ([InvoiceLineId], [InvoiceId], [TrackId], [UnitPrice], [Quantity]) VALUES (192, 35, 162, 0.99, 1);
INSERT INTO [dbo].[InvoiceLine] ([InvoiceLineId], [InvoiceId], [TrackId], [UnitPrice], [Quantity]) VALUES (193, 35, 163, 0.99, 1);
INSERT INTO [dbo].[InvoiceLine] ([InvoiceLineId], [InvoiceId], [TrackId], [UnitPrice], [Quantity]) VALUES (194, 36, 165, 0.99, 1);
INSERT INTO [dbo].[InvoiceLine] ([InvoiceLineId], [InvoiceId], [TrackId], [UnitPrice], [Quantity]) VALUES (195, 36, 167, 0.99, 1);
INSERT INTO [dbo].[InvoiceLine] ([InvoiceLineId], [InvoiceId], [TrackId], [UnitPrice], [Quantity]) VALUES (196, 37, 169, 0.99, 1);
INSERT INTO [dbo].[InvoiceLine] ([InvoiceLineId], [InvoiceId], [TrackId], [UnitPrice], [Quantity]) VALUES (197, 37, 171, 0.99, 1);
INSERT INTO [dbo].[InvoiceLine] ([InvoiceLineId], [InvoiceId], [TrackId], [UnitPrice], [Quantity]) VALUES (198, 37, 173, 0.99, 1);
INSERT INTO [dbo].[InvoiceLine] ([InvoiceLineId], [InvoiceId], [TrackId], [UnitPrice], [Quantity]) VALUES (199, 37, 175, 0.99, 1);
INSERT INTO [dbo].[InvoiceLine] ([InvoiceLineId], [InvoiceId], [TrackId], [UnitPrice], [Quantity]) VALUES (200, 38, 179, 0.99, 1);
INSERT INTO [dbo].[InvoiceLine] ([InvoiceLineId], [InvoiceId], [TrackId], [UnitPrice], [Quantity]) VALUES (201, 38, 183, 0.99, 1);
INSERT INTO [dbo].[InvoiceLine] ([InvoiceLineId], [InvoiceId], [TrackId], [UnitPrice], [Quantity]) VALUES (202, 38, 187, 0.99, 1);
INSERT INTO [dbo].[InvoiceLine] ([InvoiceLineId], [InvoiceId], [TrackId], [UnitPrice], [Quantity]) VALUES (203, 38, 191, 0.99, 1);
INSERT INTO [dbo].[InvoiceLine] ([InvoiceLineId], [InvoiceId], [TrackId], [UnitPrice], [Quantity]) VALUES (204, 38, 195, 0.99, 1);
INSERT INTO [dbo].[InvoiceLine] ([InvoiceLineId], [InvoiceId], [TrackId], [UnitPrice], [Quantity]) VALUES (205, 38, 199, 0.99, 1);
INSERT INTO [dbo].[InvoiceLine] ([InvoiceLineId], [InvoiceId], [TrackId], [UnitPrice], [Quantity]) VALUES (206, 39, 205, 0.99, 1);
INSERT INTO [dbo].[InvoiceLine] ([InvoiceLineId], [InvoiceId], [TrackId], [UnitPrice], [Quantity]) VALUES (207, 39, 211, 0.99, 1);
INSERT INTO [dbo].[InvoiceLine] ([InvoiceLineId], [InvoiceId], [TrackId], [UnitPrice], [Quantity]) VALUES (208, 39, 217, 0.99, 1);
INSERT INTO [dbo].[InvoiceLine] ([InvoiceLineId], [InvoiceId], [TrackId], [UnitPrice], [Quantity]) VALUES (209, 39, 223, 0.99, 1);
INSERT INTO [dbo].[InvoiceLine] ([InvoiceLineId], [InvoiceId], [TrackId], [UnitPrice], [Quantity]) VALUES (210, 39, 229, 0.99, 1);
INSERT INTO [dbo].[InvoiceLine] ([InvoiceLineId], [InvoiceId], [TrackId], [UnitPrice], [Quantity]) VALUES (211, 39, 235, 0.99, 1);
INSERT INTO [dbo].[InvoiceLine] ([InvoiceLineId], [InvoiceId], [TrackId], [UnitPrice], [Quantity]) VALUES (212, 39, 241, 0.99, 1);
INSERT INTO [dbo].[InvoiceLine] ([InvoiceLineId], [InvoiceId], [TrackId], [UnitPrice], [Quantity]) VALUES (213, 39, 247, 0.99, 1);
INSERT INTO [dbo].[InvoiceLine] ([InvoiceLineId], [InvoiceId], [TrackId], [UnitPrice], [Quantity]) VALUES (214, 39, 253, 0.99, 1);
INSERT INTO [dbo].[InvoiceLine] ([InvoiceLineId], [InvoiceId], [TrackId], [UnitPrice], [Quantity]) VALUES (215, 40, 262, 0.99, 1);
INSERT INTO [dbo].[InvoiceLine] ([InvoiceLineId], [InvoiceId], [TrackId], [UnitPrice], [Quantity]) VALUES (216, 40, 271, 0.99, 1);
INSERT INTO [dbo].[InvoiceLine] ([InvoiceLineId], [InvoiceId], [TrackId], [UnitPrice], [Quantity]) VALUES (217, 40, 280, 0.99, 1);
INSERT INTO [dbo].[InvoiceLine] ([InvoiceLineId], [InvoiceId], [TrackId], [UnitPrice], [Quantity]) VALUES (218, 40, 289, 0.99, 1);
INSERT INTO [dbo].[InvoiceLine] ([InvoiceLineId], [InvoiceId], [TrackId], [UnitPrice], [Quantity]) VALUES (219, 40, 298, 0.99, 1);
INSERT INTO [dbo].[InvoiceLine] ([InvoiceLineId], [InvoiceId], [TrackId], [UnitPrice], [Quantity]) VALUES (220, 40, 307, 0.99, 1);
INSERT INTO [dbo].[InvoiceLine] ([InvoiceLineId], [InvoiceId], [TrackId], [UnitPrice], [Quantity]) VALUES (221, 40, 316, 0.99, 1);
INSERT INTO [dbo].[InvoiceLine] ([InvoiceLineId], [InvoiceId], [TrackId], [UnitPrice], [Quantity]) VALUES (222, 40, 325, 0.99, 1);
INSERT INTO [dbo].[InvoiceLine] ([InvoiceLineId], [InvoiceId], [TrackId], [UnitPrice], [Quantity]) VALUES (223, 40, 334, 0.99, 1);
INSERT INTO [dbo].[InvoiceLine] ([InvoiceLineId], [InvoiceId], [TrackId], [UnitPrice], [Quantity]) VALUES (224, 40, 343, 0.99, 1);

INSERT INTO [dbo].[Playlist] ([PlaylistId], [Name]) VALUES (1, N'Music');
INSERT INTO [dbo].[Playlist] ([PlaylistId], [Name]) VALUES (2, N'Movies');
INSERT INTO [dbo].[Playlist] ([PlaylistId], [Name]) VALUES (3, N'TV Shows');
INSERT INTO [dbo].[Playlist] ([PlaylistId], [Name]) VALUES (4, N'Audiobooks');
INSERT INTO [dbo].[Playlist] ([PlaylistId], [Name]) VALUES (5, N'90’s Music');
INSERT INTO [dbo].[Playlist] ([PlaylistId], [Name]) VALUES (6, N'Audiobooks');
INSERT INTO [dbo].[Playlist] ([PlaylistId], [Name]) VALUES (7, N'Movies');
INSERT INTO [dbo].[Playlist] ([PlaylistId], [Name]) VALUES (8, N'Music');
INSERT INTO [dbo].[Playlist] ([PlaylistId], [Name]) VALUES (9, N'Music Videos');
INSERT INTO [dbo].[Playlist] ([PlaylistId], [Name]) VALUES (10, N'TV Shows');
INSERT INTO [dbo].[Playlist] ([PlaylistId], [Name]) VALUES (11, N'Brazilian Music');
INSERT INTO [dbo].[Playlist] ([PlaylistId], [Name]) VALUES (12, N'Clbaseical');
INSERT INTO [dbo].[Playlist] ([PlaylistId], [Name]) VALUES (13, N'Clbaseical 101 - Deep Cuts');
INSERT INTO [dbo].[Playlist] ([PlaylistId], [Name]) VALUES (14, N'Clbaseical 101 - Next Steps');
INSERT INTO [dbo].[Playlist] ([PlaylistId], [Name]) VALUES (15, N'Clbaseical 101 - The Basics');
INSERT INTO [dbo].[Playlist] ([PlaylistId], [Name]) VALUES (16, N'Grunge');
INSERT INTO [dbo].[Playlist] ([PlaylistId], [Name]) VALUES (17, N'Heavy Metal Clbaseic');
INSERT INTO [dbo].[Playlist] ([PlaylistId], [Name]) VALUES (18, N'On-The-Go 1');

INSERT INTO [dbo].[PlaylistTrack] ([PlaylistId], [TrackId]) VALUES (1, 99);
INSERT INTO [dbo].[PlaylistTrack] ([PlaylistId], [TrackId]) VALUES (1, 100);
INSERT INTO [dbo].[PlaylistTrack] ([PlaylistId], [TrackId]) VALUES (1, 101);
INSERT INTO [dbo].[PlaylistTrack] ([PlaylistId], [TrackId]) VALUES (1, 102);
INSERT INTO [dbo].[PlaylistTrack] ([PlaylistId], [TrackId]) VALUES (1, 103);
INSERT INTO [dbo].[PlaylistTrack] ([PlaylistId], [TrackId]) VALUES (1, 104);
INSERT INTO [dbo].[PlaylistTrack] ([PlaylistId], [TrackId]) VALUES (1, 105);
INSERT INTO [dbo].[PlaylistTrack] ([PlaylistId], [TrackId]) VALUES (1, 106);
INSERT INTO [dbo].[PlaylistTrack] ([PlaylistId], [TrackId]) VALUES (1, 107);
INSERT INTO [dbo].[PlaylistTrack] ([PlaylistId], [TrackId]) VALUES (1, 108);
INSERT INTO [dbo].[PlaylistTrack] ([PlaylistId], [TrackId]) VALUES (1, 109);
INSERT INTO [dbo].[PlaylistTrack] ([PlaylistId], [TrackId]) VALUES (1, 110);
INSERT INTO [dbo].[PlaylistTrack] ([PlaylistId], [TrackId]) VALUES (1, 166);
INSERT INTO [dbo].[PlaylistTrack] ([PlaylistId], [TrackId]) VALUES (1, 167);
INSERT INTO [dbo].[PlaylistTrack] ([PlaylistId], [TrackId]) VALUES (1, 168);
INSERT INTO [dbo].[PlaylistTrack] ([PlaylistId], [TrackId]) VALUES (1, 169);
INSERT INTO [dbo].[PlaylistTrack] ([PlaylistId], [TrackId]) VALUES (1, 170);
INSERT INTO [dbo].[PlaylistTrack] ([PlaylistId], [TrackId]) VALUES (1, 171);
INSERT INTO [dbo].[PlaylistTrack] ([PlaylistId], [TrackId]) VALUES (1, 172);
INSERT INTO [dbo].[PlaylistTrack] ([PlaylistId], [TrackId]) VALUES (1, 173);
INSERT INTO [dbo].[PlaylistTrack] ([PlaylistId], [TrackId]) VALUES (1, 174);
INSERT INTO [dbo].[PlaylistTrack] ([PlaylistId], [TrackId]) VALUES (1, 175);
INSERT INTO [dbo].[PlaylistTrack] ([PlaylistId], [TrackId]) VALUES (1, 176);
INSERT INTO [dbo].[PlaylistTrack] ([PlaylistId], [TrackId]) VALUES (1, 177);
INSERT INTO [dbo].[PlaylistTrack] ([PlaylistId], [TrackId]) VALUES (1, 178);
INSERT INTO [dbo].[PlaylistTrack] ([PlaylistId], [TrackId]) VALUES (1, 179);
INSERT INTO [dbo].[PlaylistTrack] ([PlaylistId], [TrackId]) VALUES (1, 180);
INSERT INTO [dbo].[PlaylistTrack] ([PlaylistId], [TrackId]) VALUES (1, 181);
INSERT INTO [dbo].[PlaylistTrack] ([PlaylistId], [TrackId]) VALUES (1, 182);
INSERT INTO [dbo].[PlaylistTrack] ([PlaylistId], [TrackId]) VALUES (1, 194);
INSERT INTO [dbo].[PlaylistTrack] ([PlaylistId], [TrackId]) VALUES (1, 195);
INSERT INTO [dbo].[PlaylistTrack] ([PlaylistId], [TrackId]) VALUES (1, 196);
INSERT INTO [dbo].[PlaylistTrack] ([PlaylistId], [TrackId]) VALUES (1, 197);
INSERT INTO [dbo].[PlaylistTrack] ([PlaylistId], [TrackId]) VALUES (1, 198);
INSERT INTO [dbo].[PlaylistTrack] ([PlaylistId], [TrackId]) VALUES (1, 199);
INSERT INTO [dbo].[PlaylistTrack] ([PlaylistId], [TrackId]) VALUES (1, 200);
INSERT INTO [dbo].[PlaylistTrack] ([PlaylistId], [TrackId]) VALUES (1, 201);
INSERT INTO [dbo].[PlaylistTrack] ([PlaylistId], [TrackId]) VALUES (1, 202);
INSERT INTO [dbo].[PlaylistTrack] ([PlaylistId], [TrackId]) VALUES (1, 203);
INSERT INTO [dbo].[PlaylistTrack] ([PlaylistId], [TrackId]) VALUES (1, 204);
INSERT INTO [dbo].[PlaylistTrack] ([PlaylistId], [TrackId]) VALUES (1, 63);
INSERT INTO [dbo].[PlaylistTrack] ([PlaylistId], [TrackId]) VALUES (1, 64);
INSERT INTO [dbo].[PlaylistTrack] ([PlaylistId], [TrackId]) VALUES (1, 65);
INSERT INTO [dbo].[PlaylistTrack] ([PlaylistId], [TrackId]) VALUES (1, 66);
INSERT INTO [dbo].[PlaylistTrack] ([PlaylistId], [TrackId]) VALUES (1, 67);
INSERT INTO [dbo].[PlaylistTrack] ([PlaylistId], [TrackId]) VALUES (1, 68);
INSERT INTO [dbo].[PlaylistTrack] ([PlaylistId], [TrackId]) VALUES (1, 69);
INSERT INTO [dbo].[PlaylistTrack] ([PlaylistId], [TrackId]) VALUES (1, 70);
INSERT INTO [dbo].[PlaylistTrack] ([PlaylistId], [TrackId]) VALUES (1, 71);
INSERT INTO [dbo].[PlaylistTrack] ([PlaylistId], [TrackId]) VALUES (1, 72);
INSERT INTO [dbo].[PlaylistTrack] ([PlaylistId], [TrackId]) VALUES (1, 73);
INSERT INTO [dbo].[PlaylistTrack] ([PlaylistId], [TrackId]) VALUES (1, 74);
INSERT INTO [dbo].[PlaylistTrack] ([PlaylistId], [TrackId]) VALUES (1, 75);
INSERT INTO [dbo].[PlaylistTrack] ([PlaylistId], [TrackId]) VALUES (1, 76);
INSERT INTO [dbo].[PlaylistTrack] ([PlaylistId], [TrackId]) VALUES (1, 123);
INSERT INTO [dbo].[PlaylistTrack] ([PlaylistId], [TrackId]) VALUES (1, 124);
INSERT INTO [dbo].[PlaylistTrack] ([PlaylistId], [TrackId]) VALUES (1, 125);
INSERT INTO [dbo].[PlaylistTrack] ([PlaylistId], [TrackId]) VALUES (1, 126);
INSERT INTO [dbo].[PlaylistTrack] ([PlaylistId], [TrackId]) VALUES (1, 127);
INSERT INTO [dbo].[PlaylistTrack] ([PlaylistId], [TrackId]) VALUES (1, 128);
INSERT INTO [dbo].[PlaylistTrack] ([PlaylistId], [TrackId]) VALUES (1, 129);
INSERT INTO [dbo].[PlaylistTrack] ([PlaylistId], [TrackId]) VALUES (1, 130);
INSERT INTO [dbo].[PlaylistTrack] ([PlaylistId], [TrackId]) VALUES (1, 205);
INSERT INTO [dbo].[PlaylistTrack] ([PlaylistId], [TrackId]) VALUES (1, 206);
INSERT INTO [dbo].[PlaylistTrack] ([PlaylistId], [TrackId]) VALUES (1, 207);
INSERT INTO [dbo].[PlaylistTrack] ([PlaylistId], [TrackId]) VALUES (1, 208);
INSERT INTO [dbo].[PlaylistTrack] ([PlaylistId], [TrackId]) VALUES (1, 209);
INSERT INTO [dbo].[PlaylistTrack] ([PlaylistId], [TrackId]) VALUES (1, 210);
INSERT INTO [dbo].[PlaylistTrack] ([PlaylistId], [TrackId]) VALUES (1, 211);
INSERT INTO [dbo].[PlaylistTrack] ([PlaylistId], [TrackId]) VALUES (1, 212);
INSERT INTO [dbo].[PlaylistTrack] ([PlaylistId], [TrackId]) VALUES (1, 213);
INSERT INTO [dbo].[PlaylistTrack] ([PlaylistId], [TrackId]) VALUES (1, 214);
INSERT INTO [dbo].[PlaylistTrack] ([PlaylistId], [TrackId]) VALUES (1, 215);
INSERT INTO [dbo].[PlaylistTrack] ([PlaylistId], [TrackId]) VALUES (1, 216);
INSERT INTO [dbo].[PlaylistTrack] ([PlaylistId], [TrackId]) VALUES (1, 217);
INSERT INTO [dbo].[PlaylistTrack] ([PlaylistId], [TrackId]) VALUES (1, 218);
INSERT INTO [dbo].[PlaylistTrack] ([PlaylistId], [TrackId]) VALUES (1, 219);
INSERT INTO [dbo].[PlaylistTrack] ([PlaylistId], [TrackId]) VALUES (1, 220);
INSERT INTO [dbo].[PlaylistTrack] ([PlaylistId], [TrackId]) VALUES (1, 221);
INSERT INTO [dbo].[PlaylistTrack] ([PlaylistId], [TrackId]) VALUES (1, 222);
INSERT INTO [dbo].[PlaylistTrack] ([PlaylistId], [TrackId]) VALUES (1, 223);
INSERT INTO [dbo].[PlaylistTrack] ([PlaylistId], [TrackId]) VALUES (1, 224);
INSERT INTO [dbo].[PlaylistTrack] ([PlaylistId], [TrackId]) VALUES (1, 225);
INSERT INTO [dbo].[PlaylistTrack] ([PlaylistId], [TrackId]) VALUES (1, 226);
INSERT INTO [dbo].[PlaylistTrack] ([PlaylistId], [TrackId]) VALUES (1, 227);
INSERT INTO [dbo].[PlaylistTrack] ([PlaylistId], [TrackId]) VALUES (1, 228);
INSERT INTO [dbo].[PlaylistTrack] ([PlaylistId], [TrackId]) VALUES (1, 229);
INSERT INTO [dbo].[PlaylistTrack] ([PlaylistId], [TrackId]) VALUES (1, 230);
INSERT INTO [dbo].[PlaylistTrack] ([PlaylistId], [TrackId]) VALUES (1, 231);
INSERT INTO [dbo].[PlaylistTrack] ([PlaylistId], [TrackId]) VALUES (1, 232);
INSERT INTO [dbo].[PlaylistTrack] ([PlaylistId], [TrackId]) VALUES (1, 233);
INSERT INTO [dbo].[PlaylistTrack] ([PlaylistId], [TrackId]) VALUES (1, 234);
INSERT INTO [dbo].[PlaylistTrack] ([PlaylistId], [TrackId]) VALUES (1, 235);
INSERT INTO [dbo].[PlaylistTrack] ([PlaylistId], [TrackId]) VALUES (1, 236);
INSERT INTO [dbo].[PlaylistTrack] ([PlaylistId], [TrackId]) VALUES (1, 237);
INSERT INTO [dbo].[PlaylistTrack] ([PlaylistId], [TrackId]) VALUES (1, 238);
INSERT INTO [dbo].[PlaylistTrack] ([PlaylistId], [TrackId]) VALUES (1, 239);
INSERT INTO [dbo].[PlaylistTrack] ([PlaylistId], [TrackId]) VALUES (1, 240);
INSERT INTO [dbo].[PlaylistTrack] ([PlaylistId], [TrackId]) VALUES (1, 241);
INSERT INTO [dbo].[PlaylistTrack] ([PlaylistId], [TrackId]) VALUES (1, 242);
INSERT INTO [dbo].[PlaylistTrack] ([PlaylistId], [TrackId]) VALUES (1, 243);
INSERT INTO [dbo].[PlaylistTrack] ([PlaylistId], [TrackId]) VALUES (1, 244);
INSERT INTO [dbo].[PlaylistTrack] ([PlaylistId], [TrackId]) VALUES (1, 245);
INSERT INTO [dbo].[PlaylistTrack] ([PlaylistId], [TrackId]) VALUES (1, 246);
INSERT INTO [dbo].[PlaylistTrack] ([PlaylistId], [TrackId]) VALUES (1, 247);
INSERT INTO [dbo].[PlaylistTrack] ([PlaylistId], [TrackId]) VALUES (1, 248);
INSERT INTO [dbo].[PlaylistTrack] ([PlaylistId], [TrackId]) VALUES (1, 249);
INSERT INTO [dbo].[PlaylistTrack] ([PlaylistId], [TrackId]) VALUES (1, 250);
INSERT INTO [dbo].[PlaylistTrack] ([PlaylistId], [TrackId]) VALUES (1, 251);
INSERT INTO [dbo].[PlaylistTrack] ([PlaylistId], [TrackId]) VALUES (1, 252);
INSERT INTO [dbo].[PlaylistTrack] ([PlaylistId], [TrackId]) VALUES (1, 253);
INSERT INTO [dbo].[PlaylistTrack] ([PlaylistId], [TrackId]) VALUES (1, 254);
INSERT INTO [dbo].[PlaylistTrack] ([PlaylistId], [TrackId]) VALUES (1, 255);
INSERT INTO [dbo].[PlaylistTrack] ([PlaylistId], [TrackId]) VALUES (1, 256);
INSERT INTO [dbo].[PlaylistTrack] ([PlaylistId], [TrackId]) VALUES (1, 257);
INSERT INTO [dbo].[PlaylistTrack] ([PlaylistId], [TrackId]) VALUES (1, 258);
INSERT INTO [dbo].[PlaylistTrack] ([PlaylistId], [TrackId]) VALUES (1, 259);
INSERT INTO [dbo].[PlaylistTrack] ([PlaylistId], [TrackId]) VALUES (1, 260);
INSERT INTO [dbo].[PlaylistTrack] ([PlaylistId], [TrackId]) VALUES (1, 261);
INSERT INTO [dbo].[PlaylistTrack] ([PlaylistId], [TrackId]) VALUES (1, 262);
INSERT INTO [dbo].[PlaylistTrack] ([PlaylistId], [TrackId]) VALUES (1, 263);
INSERT INTO [dbo].[PlaylistTrack] ([PlaylistId], [TrackId]) VALUES (1, 264);
INSERT INTO [dbo].[PlaylistTrack] ([PlaylistId], [TrackId]) VALUES (1, 265);
INSERT INTO [dbo].[PlaylistTrack] ([PlaylistId], [TrackId]) VALUES (1, 266);
INSERT INTO [dbo].[PlaylistTrack] ([PlaylistId], [TrackId]) VALUES (1, 267);
INSERT INTO [dbo].[PlaylistTrack] ([PlaylistId], [TrackId]) VALUES (1, 268);
INSERT INTO [dbo].[PlaylistTrack] ([PlaylistId], [TrackId]) VALUES (1, 269);
INSERT INTO [dbo].[PlaylistTrack] ([PlaylistId], [TrackId]) VALUES (1, 270);
INSERT INTO [dbo].[PlaylistTrack] ([PlaylistId], [TrackId]) VALUES (1, 271);
INSERT INTO [dbo].[PlaylistTrack] ([PlaylistId], [TrackId]) VALUES (1, 272);
INSERT INTO [dbo].[PlaylistTrack] ([PlaylistId], [TrackId]) VALUES (1, 273);
INSERT INTO [dbo].[PlaylistTrack] ([PlaylistId], [TrackId]) VALUES (1, 274);
INSERT INTO [dbo].[PlaylistTrack] ([PlaylistId], [TrackId]) VALUES (1, 275);
INSERT INTO [dbo].[PlaylistTrack] ([PlaylistId], [TrackId]) VALUES (1, 276);
INSERT INTO [dbo].[PlaylistTrack] ([PlaylistId], [TrackId]) VALUES (1, 277);
INSERT INTO [dbo].[PlaylistTrack] ([PlaylistId], [TrackId]) VALUES (1, 278);
INSERT INTO [dbo].[PlaylistTrack] ([PlaylistId], [TrackId]) VALUES (1, 279);
INSERT INTO [dbo].[PlaylistTrack] ([PlaylistId], [TrackId]) VALUES (1, 280);
INSERT INTO [dbo].[PlaylistTrack] ([PlaylistId], [TrackId]) VALUES (1, 281);
INSERT INTO [dbo].[PlaylistTrack] ([PlaylistId], [TrackId]) VALUES (1, 313);
INSERT INTO [dbo].[PlaylistTrack] ([PlaylistId], [TrackId]) VALUES (1, 314);
INSERT INTO [dbo].[PlaylistTrack] ([PlaylistId], [TrackId]) VALUES (1, 315);
INSERT INTO [dbo].[PlaylistTrack] ([PlaylistId], [TrackId]) VALUES (1, 316);
INSERT INTO [dbo].[PlaylistTrack] ([PlaylistId], [TrackId]) VALUES (1, 317);
INSERT INTO [dbo].[PlaylistTrack] ([PlaylistId], [TrackId]) VALUES (1, 318);
INSERT INTO [dbo].[PlaylistTrack] ([PlaylistId], [TrackId]) VALUES (1, 319);
INSERT INTO [dbo].[PlaylistTrack] ([PlaylistId], [TrackId]) VALUES (1, 320);
INSERT INTO [dbo].[PlaylistTrack] ([PlaylistId], [TrackId]) VALUES (1, 321);
INSERT INTO [dbo].[PlaylistTrack] ([PlaylistId], [TrackId]) VALUES (1, 322);
INSERT INTO [dbo].[PlaylistTrack] ([PlaylistId], [TrackId]) VALUES (1, 77);
INSERT INTO [dbo].[PlaylistTrack] ([PlaylistId], [TrackId]) VALUES (1, 78);
INSERT INTO [dbo].[PlaylistTrack] ([PlaylistId], [TrackId]) VALUES (1, 79);
INSERT INTO [dbo].[PlaylistTrack] ([PlaylistId], [TrackId]) VALUES (1, 80);
INSERT INTO [dbo].[PlaylistTrack] ([PlaylistId], [TrackId]) VALUES (1, 81);
INSERT INTO [dbo].[PlaylistTrack] ([PlaylistId], [TrackId]) VALUES (1, 82);
INSERT INTO [dbo].[PlaylistTrack] ([PlaylistId], [TrackId]) VALUES (1, 83);
INSERT INTO [dbo].[PlaylistTrack] ([PlaylistId], [TrackId]) VALUES (1, 84);
INSERT INTO [dbo].[PlaylistTrack] ([PlaylistId], [TrackId]) VALUES (1, 131);
INSERT INTO [dbo].[PlaylistTrack] ([PlaylistId], [TrackId]) VALUES (1, 132);
INSERT INTO [dbo].[PlaylistTrack] ([PlaylistId], [TrackId]) VALUES (1, 133);
INSERT INTO [dbo].[PlaylistTrack] ([PlaylistId], [TrackId]) VALUES (1, 134);
INSERT INTO [dbo].[PlaylistTrack] ([PlaylistId], [TrackId]) VALUES (1, 135);
INSERT INTO [dbo].[PlaylistTrack] ([PlaylistId], [TrackId]) VALUES (1, 136);
INSERT INTO [dbo].[PlaylistTrack] ([PlaylistId], [TrackId]) VALUES (1, 137);
INSERT INTO [dbo].[PlaylistTrack] ([PlaylistId], [TrackId]) VALUES (1, 138);
INSERT INTO [dbo].[PlaylistTrack] ([PlaylistId], [TrackId]) VALUES (1, 139);
INSERT INTO [dbo].[PlaylistTrack] ([PlaylistId], [TrackId]) VALUES (1, 140);
INSERT INTO [dbo].[PlaylistTrack] ([PlaylistId], [TrackId]) VALUES (1, 141);
INSERT INTO [dbo].[PlaylistTrack] ([PlaylistId], [TrackId]) VALUES (1, 142);
INSERT INTO [dbo].[PlaylistTrack] ([PlaylistId], [TrackId]) VALUES (1, 143);
INSERT INTO [dbo].[PlaylistTrack] ([PlaylistId], [TrackId]) VALUES (1, 144);
INSERT INTO [dbo].[PlaylistTrack] ([PlaylistId], [TrackId]) VALUES (1, 145);
INSERT INTO [dbo].[PlaylistTrack] ([PlaylistId], [TrackId]) VALUES (1, 146);
INSERT INTO [dbo].[PlaylistTrack] ([PlaylistId], [TrackId]) VALUES (1, 147);
INSERT INTO [dbo].[PlaylistTrack] ([PlaylistId], [TrackId]) VALUES (1, 148);
INSERT INTO [dbo].[PlaylistTrack] ([PlaylistId], [TrackId]) VALUES (1, 149);
INSERT INTO [dbo].[PlaylistTrack] ([PlaylistId], [TrackId]) VALUES (1, 150);
INSERT INTO [dbo].[PlaylistTrack] ([PlaylistId], [TrackId]) VALUES (1, 151);
INSERT INTO [dbo].[PlaylistTrack] ([PlaylistId], [TrackId]) VALUES (1, 152);
INSERT INTO [dbo].[PlaylistTrack] ([PlaylistId], [TrackId]) VALUES (1, 153);
INSERT INTO [dbo].[PlaylistTrack] ([PlaylistId], [TrackId]) VALUES (1, 154);
INSERT INTO [dbo].[PlaylistTrack] ([PlaylistId], [TrackId]) VALUES (1, 155);
INSERT INTO [dbo].[PlaylistTrack] ([PlaylistId], [TrackId]) VALUES (1, 156);
INSERT INTO [dbo].[PlaylistTrack] ([PlaylistId], [TrackId]) VALUES (1, 157);
INSERT INTO [dbo].[PlaylistTrack] ([PlaylistId], [TrackId]) VALUES (1, 158);
INSERT INTO [dbo].[PlaylistTrack] ([PlaylistId], [TrackId]) VALUES (1, 159);
INSERT INTO [dbo].[PlaylistTrack] ([PlaylistId], [TrackId]) VALUES (1, 160);
INSERT INTO [dbo].[PlaylistTrack] ([PlaylistId], [TrackId]) VALUES (1, 161);
INSERT INTO [dbo].[PlaylistTrack] ([PlaylistId], [TrackId]) VALUES (1, 162);
INSERT INTO [dbo].[PlaylistTrack] ([PlaylistId], [TrackId]) VALUES (1, 163);
INSERT INTO [dbo].[PlaylistTrack] ([PlaylistId], [TrackId]) VALUES (1, 164);
INSERT INTO [dbo].[PlaylistTrack] ([PlaylistId], [TrackId]) VALUES (1, 165);
INSERT INTO [dbo].[PlaylistTrack] ([PlaylistId], [TrackId]) VALUES (1, 183);
INSERT INTO [dbo].[PlaylistTrack] ([PlaylistId], [TrackId]) VALUES (1, 184);
INSERT INTO [dbo].[PlaylistTrack] ([PlaylistId], [TrackId]) VALUES (1, 185);
INSERT INTO [dbo].[PlaylistTrack] ([PlaylistId], [TrackId]) VALUES (1, 186);
INSERT INTO [dbo].[PlaylistTrack] ([PlaylistId], [TrackId]) VALUES (1, 187);
INSERT INTO [dbo].[PlaylistTrack] ([PlaylistId], [TrackId]) VALUES (1, 188);
INSERT INTO [dbo].[PlaylistTrack] ([PlaylistId], [TrackId]) VALUES (1, 189);
INSERT INTO [dbo].[PlaylistTrack] ([PlaylistId], [TrackId]) VALUES (1, 190);
INSERT INTO [dbo].[PlaylistTrack] ([PlaylistId], [TrackId]) VALUES (1, 191);
INSERT INTO [dbo].[PlaylistTrack] ([PlaylistId], [TrackId]) VALUES (1, 192);
INSERT INTO [dbo].[PlaylistTrack] ([PlaylistId], [TrackId]) VALUES (1, 193);
INSERT INTO [dbo].[PlaylistTrack] ([PlaylistId], [TrackId]) VALUES (1, 323);
INSERT INTO [dbo].[PlaylistTrack] ([PlaylistId], [TrackId]) VALUES (1, 324);
INSERT INTO [dbo].[PlaylistTrack] ([PlaylistId], [TrackId]) VALUES (1, 325);
INSERT INTO [dbo].[PlaylistTrack] ([PlaylistId], [TrackId]) VALUES (1, 326);
INSERT INTO [dbo].[PlaylistTrack] ([PlaylistId], [TrackId]) VALUES (1, 327);
INSERT INTO [dbo].[PlaylistTrack] ([PlaylistId], [TrackId]) VALUES (1, 328);
INSERT INTO [dbo].[PlaylistTrack] ([PlaylistId], [TrackId]) VALUES (1, 329);
INSERT INTO [dbo].[PlaylistTrack] ([PlaylistId], [TrackId]) VALUES (1, 330);
INSERT INTO [dbo].[PlaylistTrack] ([PlaylistId], [TrackId]) VALUES (1, 331);
INSERT INTO [dbo].[PlaylistTrack] ([PlaylistId], [TrackId]) VALUES (1, 332);
INSERT INTO [dbo].[PlaylistTrack] ([PlaylistId], [TrackId]) VALUES (1, 333);
INSERT INTO [dbo].[PlaylistTrack] ([PlaylistId], [TrackId]) VALUES (1, 334);
INSERT INTO [dbo].[PlaylistTrack] ([PlaylistId], [TrackId]) VALUES (1, 335);
INSERT INTO [dbo].[PlaylistTrack] ([PlaylistId], [TrackId]) VALUES (1, 336);
INSERT INTO [dbo].[PlaylistTrack] ([PlaylistId], [TrackId]) VALUES (1, 282);
INSERT INTO [dbo].[PlaylistTrack] ([PlaylistId], [TrackId]) VALUES (1, 283);
INSERT INTO [dbo].[PlaylistTrack] ([PlaylistId], [TrackId]) VALUES (1, 284);
INSERT INTO [dbo].[PlaylistTrack] ([PlaylistId], [TrackId]) VALUES (1, 285);
INSERT INTO [dbo].[PlaylistTrack] ([PlaylistId], [TrackId]) VALUES (1, 286);
INSERT INTO [dbo].[PlaylistTrack] ([PlaylistId], [TrackId]) VALUES (1, 287);
INSERT INTO [dbo].[PlaylistTrack] ([PlaylistId], [TrackId]) VALUES (1, 288);
INSERT INTO [dbo].[PlaylistTrack] ([PlaylistId], [TrackId]) VALUES (1, 289);
INSERT INTO [dbo].[PlaylistTrack] ([PlaylistId], [TrackId]) VALUES (1, 290);
INSERT INTO [dbo].[PlaylistTrack] ([PlaylistId], [TrackId]) VALUES (1, 291);
INSERT INTO [dbo].[PlaylistTrack] ([PlaylistId], [TrackId]) VALUES (1, 292);
INSERT INTO [dbo].[PlaylistTrack] ([PlaylistId], [TrackId]) VALUES (1, 293);
INSERT INTO [dbo].[PlaylistTrack] ([PlaylistId], [TrackId]) VALUES (1, 294);
INSERT INTO [dbo].[PlaylistTrack] ([PlaylistId], [TrackId]) VALUES (1, 295);
INSERT INTO [dbo].[PlaylistTrack] ([PlaylistId], [TrackId]) VALUES (1, 296);
INSERT INTO [dbo].[PlaylistTrack] ([PlaylistId], [TrackId]) VALUES (1, 297);
INSERT INTO [dbo].[PlaylistTrack] ([PlaylistId], [TrackId]) VALUES (1, 298);
INSERT INTO [dbo].[PlaylistTrack] ([PlaylistId], [TrackId]) VALUES (1, 299);
INSERT INTO [dbo].[PlaylistTrack] ([PlaylistId], [TrackId]) VALUES (1, 300);
INSERT INTO [dbo].[PlaylistTrack] ([PlaylistId], [TrackId]) VALUES (1, 301);
INSERT INTO [dbo].[PlaylistTrack] ([PlaylistId], [TrackId]) VALUES (1, 302);
INSERT INTO [dbo].[PlaylistTrack] ([PlaylistId], [TrackId]) VALUES (1, 303);
INSERT INTO [dbo].[PlaylistTrack] ([PlaylistId], [TrackId]) VALUES (1, 304);
INSERT INTO [dbo].[PlaylistTrack] ([PlaylistId], [TrackId]) VALUES (1, 305);
INSERT INTO [dbo].[PlaylistTrack] ([PlaylistId], [TrackId]) VALUES (1, 306);
INSERT INTO [dbo].[PlaylistTrack] ([PlaylistId], [TrackId]) VALUES (1, 307);
INSERT INTO [dbo].[PlaylistTrack] ([PlaylistId], [TrackId]) VALUES (1, 308);
INSERT INTO [dbo].[PlaylistTrack] ([PlaylistId], [TrackId]) VALUES (1, 309);
INSERT INTO [dbo].[PlaylistTrack] ([PlaylistId], [TrackId]) VALUES (1, 310);
INSERT INTO [dbo].[PlaylistTrack] ([PlaylistId], [TrackId]) VALUES (1, 311);
INSERT INTO [dbo].[PlaylistTrack] ([PlaylistId], [TrackId]) VALUES (1, 312);
INSERT INTO [dbo].[PlaylistTrack] ([PlaylistId], [TrackId]) VALUES (1, 1);
INSERT INTO [dbo].[PlaylistTrack] ([PlaylistId], [TrackId]) VALUES (1, 6);
INSERT INTO [dbo].[PlaylistTrack] ([PlaylistId], [TrackId]) VALUES (1, 7);
INSERT INTO [dbo].[PlaylistTrack] ([PlaylistId], [TrackId]) VALUES (1, 8);
INSERT INTO [dbo].[PlaylistTrack] ([PlaylistId], [TrackId]) VALUES (1, 9);
INSERT INTO [dbo].[PlaylistTrack] ([PlaylistId], [TrackId]) VALUES (1, 10);
INSERT INTO [dbo].[PlaylistTrack] ([PlaylistId], [TrackId]) VALUES (1, 11);
INSERT INTO [dbo].[PlaylistTrack] ([PlaylistId], [TrackId]) VALUES (1, 12);
INSERT INTO [dbo].[PlaylistTrack] ([PlaylistId], [TrackId]) VALUES (1, 13);
INSERT INTO [dbo].[PlaylistTrack] ([PlaylistId], [TrackId]) VALUES (1, 14);
INSERT INTO [dbo].[PlaylistTrack] ([PlaylistId], [TrackId]) VALUES (1, 15);
INSERT INTO [dbo].[PlaylistTrack] ([PlaylistId], [TrackId]) VALUES (1, 16);
INSERT INTO [dbo].[PlaylistTrack] ([PlaylistId], [TrackId]) VALUES (1, 17);
INSERT INTO [dbo].[PlaylistTrack] ([PlaylistId], [TrackId]) VALUES (1, 18);
INSERT INTO [dbo].[PlaylistTrack] ([PlaylistId], [TrackId]) VALUES (1, 19);
INSERT INTO [dbo].[PlaylistTrack] ([PlaylistId], [TrackId]) VALUES (1, 20);
INSERT INTO [dbo].[PlaylistTrack] ([PlaylistId], [TrackId]) VALUES (1, 21);
INSERT INTO [dbo].[PlaylistTrack] ([PlaylistId], [TrackId]) VALUES (1, 22);
INSERT INTO [dbo].[PlaylistTrack] ([PlaylistId], [TrackId]) VALUES (1, 2);
INSERT INTO [dbo].[PlaylistTrack] ([PlaylistId], [TrackId]) VALUES (1, 3);
INSERT INTO [dbo].[PlaylistTrack] ([PlaylistId], [TrackId]) VALUES (1, 4);
INSERT INTO [dbo].[PlaylistTrack] ([PlaylistId], [TrackId]) VALUES (1, 5);
INSERT INTO [dbo].[PlaylistTrack] ([PlaylistId], [TrackId]) VALUES (1, 23);
INSERT INTO [dbo].[PlaylistTrack] ([PlaylistId], [TrackId]) VALUES (1, 24);
INSERT INTO [dbo].[PlaylistTrack] ([PlaylistId], [TrackId]) VALUES (1, 25);
INSERT INTO [dbo].[PlaylistTrack] ([PlaylistId], [TrackId]) VALUES (1, 26);
INSERT INTO [dbo].[PlaylistTrack] ([PlaylistId], [TrackId]) VALUES (1, 27);
INSERT INTO [dbo].[PlaylistTrack] ([PlaylistId], [TrackId]) VALUES (1, 28);
INSERT INTO [dbo].[PlaylistTrack] ([PlaylistId], [TrackId]) VALUES (1, 29);
INSERT INTO [dbo].[PlaylistTrack] ([PlaylistId], [TrackId]) VALUES (1, 30);
INSERT INTO [dbo].[PlaylistTrack] ([PlaylistId], [TrackId]) VALUES (1, 31);
INSERT INTO [dbo].[PlaylistTrack] ([PlaylistId], [TrackId]) VALUES (1, 32);
INSERT INTO [dbo].[PlaylistTrack] ([PlaylistId], [TrackId]) VALUES (1, 33);
INSERT INTO [dbo].[PlaylistTrack] ([PlaylistId], [TrackId]) VALUES (1, 34);
INSERT INTO [dbo].[PlaylistTrack] ([PlaylistId], [TrackId]) VALUES (1, 35);
INSERT INTO [dbo].[PlaylistTrack] ([PlaylistId], [TrackId]) VALUES (1, 36);
INSERT INTO [dbo].[PlaylistTrack] ([PlaylistId], [TrackId]) VALUES (1, 37);
INSERT INTO [dbo].[PlaylistTrack] ([PlaylistId], [TrackId]) VALUES (1, 38);
INSERT INTO [dbo].[PlaylistTrack] ([PlaylistId], [TrackId]) VALUES (1, 39);
INSERT INTO [dbo].[PlaylistTrack] ([PlaylistId], [TrackId]) VALUES (1, 40);
INSERT INTO [dbo].[PlaylistTrack] ([PlaylistId], [TrackId]) VALUES (1, 41);
INSERT INTO [dbo].[PlaylistTrack] ([PlaylistId], [TrackId]) VALUES (1, 42);
INSERT INTO [dbo].[PlaylistTrack] ([PlaylistId], [TrackId]) VALUES (1, 43);
INSERT INTO [dbo].[PlaylistTrack] ([PlaylistId], [TrackId]) VALUES (1, 44);
INSERT INTO [dbo].[PlaylistTrack] ([PlaylistId], [TrackId]) VALUES (1, 45);
INSERT INTO [dbo].[PlaylistTrack] ([PlaylistId], [TrackId]) VALUES (1, 46);
INSERT INTO [dbo].[PlaylistTrack] ([PlaylistId], [TrackId]) VALUES (1, 47);
INSERT INTO [dbo].[PlaylistTrack] ([PlaylistId], [TrackId]) VALUES (1, 48);
INSERT INTO [dbo].[PlaylistTrack] ([PlaylistId], [TrackId]) VALUES (1, 49);
INSERT INTO [dbo].[PlaylistTrack] ([PlaylistId], [TrackId]) VALUES (1, 50);
INSERT INTO [dbo].[PlaylistTrack] ([PlaylistId], [TrackId]) VALUES (1, 51);
INSERT INTO [dbo].[PlaylistTrack] ([PlaylistId], [TrackId]) VALUES (1, 52);
INSERT INTO [dbo].[PlaylistTrack] ([PlaylistId], [TrackId]) VALUES (1, 53);
INSERT INTO [dbo].[PlaylistTrack] ([PlaylistId], [TrackId]) VALUES (1, 54);
INSERT INTO [dbo].[PlaylistTrack] ([PlaylistId], [TrackId]) VALUES (1, 55);
INSERT INTO [dbo].[PlaylistTrack] ([PlaylistId], [TrackId]) VALUES (1, 56);
INSERT INTO [dbo].[PlaylistTrack] ([PlaylistId], [TrackId]) VALUES (1, 57);
INSERT INTO [dbo].[PlaylistTrack] ([PlaylistId], [TrackId]) VALUES (1, 58);
INSERT INTO [dbo].[PlaylistTrack] ([PlaylistId], [TrackId]) VALUES (1, 59);
INSERT INTO [dbo].[PlaylistTrack] ([PlaylistId], [TrackId]) VALUES (1, 60);
INSERT INTO [dbo].[PlaylistTrack] ([PlaylistId], [TrackId]) VALUES (1, 61);
INSERT INTO [dbo].[PlaylistTrack] ([PlaylistId], [TrackId]) VALUES (1, 62);
INSERT INTO [dbo].[PlaylistTrack] ([PlaylistId], [TrackId]) VALUES (1, 85);
INSERT INTO [dbo].[PlaylistTrack] ([PlaylistId], [TrackId]) VALUES (1, 86);
INSERT INTO [dbo].[PlaylistTrack] ([PlaylistId], [TrackId]) VALUES (1, 87);
INSERT INTO [dbo].[PlaylistTrack] ([PlaylistId], [TrackId]) VALUES (1, 88);
INSERT INTO [dbo].[PlaylistTrack] ([PlaylistId], [TrackId]) VALUES (1, 89);
INSERT INTO [dbo].[PlaylistTrack] ([PlaylistId], [TrackId]) VALUES (1, 90);
INSERT INTO [dbo].[PlaylistTrack] ([PlaylistId], [TrackId]) VALUES (1, 91);
INSERT INTO [dbo].[PlaylistTrack] ([PlaylistId], [TrackId]) VALUES (1, 92);
INSERT INTO [dbo].[PlaylistTrack] ([PlaylistId], [TrackId]) VALUES (1, 93);
INSERT INTO [dbo].[PlaylistTrack] ([PlaylistId], [TrackId]) VALUES (1, 94);
INSERT INTO [dbo].[PlaylistTrack] ([PlaylistId], [TrackId]) VALUES (1, 95);
INSERT INTO [dbo].[PlaylistTrack] ([PlaylistId], [TrackId]) VALUES (1, 96);
INSERT INTO [dbo].[PlaylistTrack] ([PlaylistId], [TrackId]) VALUES (1, 97);
INSERT INTO [dbo].[PlaylistTrack] ([PlaylistId], [TrackId]) VALUES (1, 98);
INSERT INTO [dbo].[PlaylistTrack] ([PlaylistId], [TrackId]) VALUES (1, 337);
INSERT INTO [dbo].[PlaylistTrack] ([PlaylistId], [TrackId]) VALUES (1, 338);
INSERT INTO [dbo].[PlaylistTrack] ([PlaylistId], [TrackId]) VALUES (1, 339);
INSERT INTO [dbo].[PlaylistTrack] ([PlaylistId], [TrackId]) VALUES (1, 340);
INSERT INTO [dbo].[PlaylistTrack] ([PlaylistId], [TrackId]) VALUES (1, 341);
INSERT INTO [dbo].[PlaylistTrack] ([PlaylistId], [TrackId]) VALUES (1, 342);
INSERT INTO [dbo].[PlaylistTrack] ([PlaylistId], [TrackId]) VALUES (1, 343);
INSERT INTO [dbo].[PlaylistTrack] ([PlaylistId], [TrackId]) VALUES (1, 344);
INSERT INTO [dbo].[PlaylistTrack] ([PlaylistId], [TrackId]) VALUES (1, 345);
INSERT INTO [dbo].[PlaylistTrack] ([PlaylistId], [TrackId]) VALUES (1, 346);
INSERT INTO [dbo].[PlaylistTrack] ([PlaylistId], [TrackId]) VALUES (1, 347);
INSERT INTO [dbo].[PlaylistTrack] ([PlaylistId], [TrackId]) VALUES (1, 348);
INSERT INTO [dbo].[PlaylistTrack] ([PlaylistId], [TrackId]) VALUES (1, 349);
INSERT INTO [dbo].[PlaylistTrack] ([PlaylistId], [TrackId]) VALUES (1, 350);
INSERT INTO [dbo].[PlaylistTrack] ([PlaylistId], [TrackId]) VALUES (1, 111);
INSERT INTO [dbo].[PlaylistTrack] ([PlaylistId], [TrackId]) VALUES (1, 112);
INSERT INTO [dbo].[PlaylistTrack] ([PlaylistId], [TrackId]) VALUES (1, 113);
INSERT INTO [dbo].[PlaylistTrack] ([PlaylistId], [TrackId]) VALUES (1, 114);
INSERT INTO [dbo].[PlaylistTrack] ([PlaylistId], [TrackId]) VALUES (1, 115);
INSERT INTO [dbo].[PlaylistTrack] ([PlaylistId], [TrackId]) VALUES (1, 116);
INSERT INTO [dbo].[PlaylistTrack] ([PlaylistId], [TrackId]) VALUES (1, 117);
INSERT INTO [dbo].[PlaylistTrack] ([PlaylistId], [TrackId]) VALUES (1, 118);
INSERT INTO [dbo].[PlaylistTrack] ([PlaylistId], [TrackId]) VALUES (1, 119);
INSERT INTO [dbo].[PlaylistTrack] ([PlaylistId], [TrackId]) VALUES (1, 120);
INSERT INTO [dbo].[PlaylistTrack] ([PlaylistId], [TrackId]) VALUES (1, 121);
INSERT INTO [dbo].[PlaylistTrack] ([PlaylistId], [TrackId]) VALUES (1, 122);
INSERT INTO [dbo].[PlaylistTrack] ([PlaylistId], [TrackId]) VALUES (5, 51);
INSERT INTO [dbo].[PlaylistTrack] ([PlaylistId], [TrackId]) VALUES (5, 52);
INSERT INTO [dbo].[PlaylistTrack] ([PlaylistId], [TrackId]) VALUES (5, 53);
INSERT INTO [dbo].[PlaylistTrack] ([PlaylistId], [TrackId]) VALUES (5, 54);
INSERT INTO [dbo].[PlaylistTrack] ([PlaylistId], [TrackId]) VALUES (5, 55);
INSERT INTO [dbo].[PlaylistTrack] ([PlaylistId], [TrackId]) VALUES (5, 56);
INSERT INTO [dbo].[PlaylistTrack] ([PlaylistId], [TrackId]) VALUES (5, 57);
INSERT INTO [dbo].[PlaylistTrack] ([PlaylistId], [TrackId]) VALUES (5, 58);
INSERT INTO [dbo].[PlaylistTrack] ([PlaylistId], [TrackId]) VALUES (5, 59);
INSERT INTO [dbo].[PlaylistTrack] ([PlaylistId], [TrackId]) VALUES (5, 60);
INSERT INTO [dbo].[PlaylistTrack] ([PlaylistId], [TrackId]) VALUES (5, 61);
INSERT INTO [dbo].[PlaylistTrack] ([PlaylistId], [TrackId]) VALUES (5, 62);
INSERT INTO [dbo].[PlaylistTrack] ([PlaylistId], [TrackId]) VALUES (5, 166);
INSERT INTO [dbo].[PlaylistTrack] ([PlaylistId], [TrackId]) VALUES (5, 167);
INSERT INTO [dbo].[PlaylistTrack] ([PlaylistId], [TrackId]) VALUES (5, 168);
INSERT INTO [dbo].[PlaylistTrack] ([PlaylistId], [TrackId]) VALUES (5, 169);
INSERT INTO [dbo].[PlaylistTrack] ([PlaylistId], [TrackId]) VALUES (5, 170);
INSERT INTO [dbo].[PlaylistTrack] ([PlaylistId], [TrackId]) VALUES (5, 171);
INSERT INTO [dbo].[PlaylistTrack] ([PlaylistId], [TrackId]) VALUES (5, 172);
INSERT INTO [dbo].[PlaylistTrack] ([PlaylistId], [TrackId]) VALUES (5, 173);
INSERT INTO [dbo].[PlaylistTrack] ([PlaylistId], [TrackId]) VALUES (5, 174);
INSERT INTO [dbo].[PlaylistTrack] ([PlaylistId], [TrackId]) VALUES (5, 175);
INSERT INTO [dbo].[PlaylistTrack] ([PlaylistId], [TrackId]) VALUES (5, 176);
INSERT INTO [dbo].[PlaylistTrack] ([PlaylistId], [TrackId]) VALUES (5, 177);
INSERT INTO [dbo].[PlaylistTrack] ([PlaylistId], [TrackId]) VALUES (5, 178);
INSERT INTO [dbo].[PlaylistTrack] ([PlaylistId], [TrackId]) VALUES (5, 179);
INSERT INTO [dbo].[PlaylistTrack] ([PlaylistId], [TrackId]) VALUES (5, 180);
INSERT INTO [dbo].[PlaylistTrack] ([PlaylistId], [TrackId]) VALUES (5, 181);
INSERT INTO [dbo].[PlaylistTrack] ([PlaylistId], [TrackId]) VALUES (5, 182);
INSERT INTO [dbo].[PlaylistTrack] ([PlaylistId], [TrackId]) VALUES (5, 23);
INSERT INTO [dbo].[PlaylistTrack] ([PlaylistId], [TrackId]) VALUES (5, 24);
INSERT INTO [dbo].[PlaylistTrack] ([PlaylistId], [TrackId]) VALUES (5, 25);
INSERT INTO [dbo].[PlaylistTrack] ([PlaylistId], [TrackId]) VALUES (5, 26);
INSERT INTO [dbo].[PlaylistTrack] ([PlaylistId], [TrackId]) VALUES (5, 27);
INSERT INTO [dbo].[PlaylistTrack] ([PlaylistId], [TrackId]) VALUES (5, 28);
INSERT INTO [dbo].[PlaylistTrack] ([PlaylistId], [TrackId]) VALUES (5, 29);
INSERT INTO [dbo].[PlaylistTrack] ([PlaylistId], [TrackId]) VALUES (5, 30);
INSERT INTO [dbo].[PlaylistTrack] ([PlaylistId], [TrackId]) VALUES (5, 31);
INSERT INTO [dbo].[PlaylistTrack] ([PlaylistId], [TrackId]) VALUES (5, 32);
INSERT INTO [dbo].[PlaylistTrack] ([PlaylistId], [TrackId]) VALUES (5, 33);
INSERT INTO [dbo].[PlaylistTrack] ([PlaylistId], [TrackId]) VALUES (5, 34);
INSERT INTO [dbo].[PlaylistTrack] ([PlaylistId], [TrackId]) VALUES (5, 35);
INSERT INTO [dbo].[PlaylistTrack] ([PlaylistId], [TrackId]) VALUES (5, 36);
INSERT INTO [dbo].[PlaylistTrack] ([PlaylistId], [TrackId]) VALUES (5, 37);
INSERT INTO [dbo].[PlaylistTrack] ([PlaylistId], [TrackId]) VALUES (5, 111);
INSERT INTO [dbo].[PlaylistTrack] ([PlaylistId], [TrackId]) VALUES (5, 112);
INSERT INTO [dbo].[PlaylistTrack] ([PlaylistId], [TrackId]) VALUES (5, 113);
INSERT INTO [dbo].[PlaylistTrack] ([PlaylistId], [TrackId]) VALUES (5, 114);
INSERT INTO [dbo].[PlaylistTrack] ([PlaylistId], [TrackId]) VALUES (5, 115);
INSERT INTO [dbo].[PlaylistTrack] ([PlaylistId], [TrackId]) VALUES (5, 116);
INSERT INTO [dbo].[PlaylistTrack] ([PlaylistId], [TrackId]) VALUES (5, 117);
INSERT INTO [dbo].[PlaylistTrack] ([PlaylistId], [TrackId]) VALUES (5, 118);
INSERT INTO [dbo].[PlaylistTrack] ([PlaylistId], [TrackId]) VALUES (5, 119);
INSERT INTO [dbo].[PlaylistTrack] ([PlaylistId], [TrackId]) VALUES (5, 120);
INSERT INTO [dbo].[PlaylistTrack] ([PlaylistId], [TrackId]) VALUES (5, 121);
INSERT INTO [dbo].[PlaylistTrack] ([PlaylistId], [TrackId]) VALUES (5, 122);
INSERT INTO [dbo].[PlaylistTrack] ([PlaylistId], [TrackId]) VALUES (5, 269);
INSERT INTO [dbo].[PlaylistTrack] ([PlaylistId], [TrackId]) VALUES (5, 270);
INSERT INTO [dbo].[PlaylistTrack] ([PlaylistId], [TrackId]) VALUES (5, 271);
INSERT INTO [dbo].[PlaylistTrack] ([PlaylistId], [TrackId]) VALUES (5, 272);
INSERT INTO [dbo].[PlaylistTrack] ([PlaylistId], [TrackId]) VALUES (5, 273);
INSERT INTO [dbo].[PlaylistTrack] ([PlaylistId], [TrackId]) VALUES (5, 274);
INSERT INTO [dbo].[PlaylistTrack] ([PlaylistId], [TrackId]) VALUES (5, 275);
INSERT INTO [dbo].[PlaylistTrack] ([PlaylistId], [TrackId]) VALUES (5, 276);
INSERT INTO [dbo].[PlaylistTrack] ([PlaylistId], [TrackId]) VALUES (5, 277);
INSERT INTO [dbo].[PlaylistTrack] ([PlaylistId], [TrackId]) VALUES (5, 278);
INSERT INTO [dbo].[PlaylistTrack] ([PlaylistId], [TrackId]) VALUES (5, 279);
INSERT INTO [dbo].[PlaylistTrack] ([PlaylistId], [TrackId]) VALUES (5, 280);
INSERT INTO [dbo].[PlaylistTrack] ([PlaylistId], [TrackId]) VALUES (5, 281);
INSERT INTO [dbo].[PlaylistTrack] ([PlaylistId], [TrackId]) VALUES (5, 3);
INSERT INTO [dbo].[PlaylistTrack] ([PlaylistId], [TrackId]) VALUES (5, 4);
INSERT INTO [dbo].[PlaylistTrack] ([PlaylistId], [TrackId]) VALUES (5, 5);
INSERT INTO [dbo].[PlaylistTrack] ([PlaylistId], [TrackId]) VALUES (5, 38);
INSERT INTO [dbo].[PlaylistTrack] ([PlaylistId], [TrackId]) VALUES (5, 39);
INSERT INTO [dbo].[PlaylistTrack] ([PlaylistId], [TrackId]) VALUES (5, 40);
INSERT INTO [dbo].[PlaylistTrack] ([PlaylistId], [TrackId]) VALUES (5, 41);
INSERT INTO [dbo].[PlaylistTrack] ([PlaylistId], [TrackId]) VALUES (5, 42);
INSERT INTO [dbo].[PlaylistTrack] ([PlaylistId], [TrackId]) VALUES (5, 43);
INSERT INTO [dbo].[PlaylistTrack] ([PlaylistId], [TrackId]) VALUES (5, 44);
INSERT INTO [dbo].[PlaylistTrack] ([PlaylistId], [TrackId]) VALUES (5, 45);
INSERT INTO [dbo].[PlaylistTrack] ([PlaylistId], [TrackId]) VALUES (5, 46);
INSERT INTO [dbo].[PlaylistTrack] ([PlaylistId], [TrackId]) VALUES (5, 47);
INSERT INTO [dbo].[PlaylistTrack] ([PlaylistId], [TrackId]) VALUES (5, 48);
INSERT INTO [dbo].[PlaylistTrack] ([PlaylistId], [TrackId]) VALUES (5, 49);
INSERT INTO [dbo].[PlaylistTrack] ([PlaylistId], [TrackId]) VALUES (5, 50);
INSERT INTO [dbo].[PlaylistTrack] ([PlaylistId], [TrackId]) VALUES (5, 77);
INSERT INTO [dbo].[PlaylistTrack] ([PlaylistId], [TrackId]) VALUES (5, 78);
INSERT INTO [dbo].[PlaylistTrack] ([PlaylistId], [TrackId]) VALUES (5, 79);
INSERT INTO [dbo].[PlaylistTrack] ([PlaylistId], [TrackId]) VALUES (5, 80);
INSERT INTO [dbo].[PlaylistTrack] ([PlaylistId], [TrackId]) VALUES (5, 81);
INSERT INTO [dbo].[PlaylistTrack] ([PlaylistId], [TrackId]) VALUES (5, 82);
INSERT INTO [dbo].[PlaylistTrack] ([PlaylistId], [TrackId]) VALUES (5, 83);
INSERT INTO [dbo].[PlaylistTrack] ([PlaylistId], [TrackId]) VALUES (5, 84);
INSERT INTO [dbo].[PlaylistTrack] ([PlaylistId], [TrackId]) VALUES (5, 246);
INSERT INTO [dbo].[PlaylistTrack] ([PlaylistId], [TrackId]) VALUES (5, 247);
INSERT INTO [dbo].[PlaylistTrack] ([PlaylistId], [TrackId]) VALUES (5, 248);
INSERT INTO [dbo].[PlaylistTrack] ([PlaylistId], [TrackId]) VALUES (5, 249);
INSERT INTO [dbo].[PlaylistTrack] ([PlaylistId], [TrackId]) VALUES (5, 250);
INSERT INTO [dbo].[PlaylistTrack] ([PlaylistId], [TrackId]) VALUES (5, 251);
INSERT INTO [dbo].[PlaylistTrack] ([PlaylistId], [TrackId]) VALUES (5, 252);
INSERT INTO [dbo].[PlaylistTrack] ([PlaylistId], [TrackId]) VALUES (5, 253);
INSERT INTO [dbo].[PlaylistTrack] ([PlaylistId], [TrackId]) VALUES (5, 254);
INSERT INTO [dbo].[PlaylistTrack] ([PlaylistId], [TrackId]) VALUES (5, 255);
INSERT INTO [dbo].[PlaylistTrack] ([PlaylistId], [TrackId]) VALUES (5, 256);
INSERT INTO [dbo].[PlaylistTrack] ([PlaylistId], [TrackId]) VALUES (5, 257);
INSERT INTO [dbo].[PlaylistTrack] ([PlaylistId], [TrackId]) VALUES (5, 258);
INSERT INTO [dbo].[PlaylistTrack] ([PlaylistId], [TrackId]) VALUES (5, 259);
INSERT INTO [dbo].[PlaylistTrack] ([PlaylistId], [TrackId]) VALUES (5, 260);
INSERT INTO [dbo].[PlaylistTrack] ([PlaylistId], [TrackId]) VALUES (5, 261);
INSERT INTO [dbo].[PlaylistTrack] ([PlaylistId], [TrackId]) VALUES (5, 262);
INSERT INTO [dbo].[PlaylistTrack] ([PlaylistId], [TrackId]) VALUES (5, 263);
INSERT INTO [dbo].[PlaylistTrack] ([PlaylistId], [TrackId]) VALUES (5, 264);
INSERT INTO [dbo].[PlaylistTrack] ([PlaylistId], [TrackId]) VALUES (5, 265);
INSERT INTO [dbo].[PlaylistTrack] ([PlaylistId], [TrackId]) VALUES (5, 266);
INSERT INTO [dbo].[PlaylistTrack] ([PlaylistId], [TrackId]) VALUES (5, 267);
INSERT INTO [dbo].[PlaylistTrack] ([PlaylistId], [TrackId]) VALUES (5, 268);
INSERT INTO [dbo].[PlaylistTrack] ([PlaylistId], [TrackId]) VALUES (5, 337);
INSERT INTO [dbo].[PlaylistTrack] ([PlaylistId], [TrackId]) VALUES (5, 338);
INSERT INTO [dbo].[PlaylistTrack] ([PlaylistId], [TrackId]) VALUES (5, 339);
INSERT INTO [dbo].[PlaylistTrack] ([PlaylistId], [TrackId]) VALUES (5, 340);
INSERT INTO [dbo].[PlaylistTrack] ([PlaylistId], [TrackId]) VALUES (5, 341);
INSERT INTO [dbo].[PlaylistTrack] ([PlaylistId], [TrackId]) VALUES (5, 342);
INSERT INTO [dbo].[PlaylistTrack] ([PlaylistId], [TrackId]) VALUES (5, 343);
INSERT INTO [dbo].[PlaylistTrack] ([PlaylistId], [TrackId]) VALUES (5, 344);
INSERT INTO [dbo].[PlaylistTrack] ([PlaylistId], [TrackId]) VALUES (5, 345);
INSERT INTO [dbo].[PlaylistTrack] ([PlaylistId], [TrackId]) VALUES (5, 346);
INSERT INTO [dbo].[PlaylistTrack] ([PlaylistId], [TrackId]) VALUES (5, 347);
INSERT INTO [dbo].[PlaylistTrack] ([PlaylistId], [TrackId]) VALUES (5, 348);
INSERT INTO [dbo].[PlaylistTrack] ([PlaylistId], [TrackId]) VALUES (5, 349);
INSERT INTO [dbo].[PlaylistTrack] ([PlaylistId], [TrackId]) VALUES (5, 350);
INSERT INTO [dbo].[PlaylistTrack] ([PlaylistId], [TrackId]) VALUES (5, 183);
INSERT INTO [dbo].[PlaylistTrack] ([PlaylistId], [TrackId]) VALUES (5, 184);
INSERT INTO [dbo].[PlaylistTrack] ([PlaylistId], [TrackId]) VALUES (5, 185);
INSERT INTO [dbo].[PlaylistTrack] ([PlaylistId], [TrackId]) VALUES (5, 186);
INSERT INTO [dbo].[PlaylistTrack] ([PlaylistId], [TrackId]) VALUES (5, 187);
INSERT INTO [dbo].[PlaylistTrack] ([PlaylistId], [TrackId]) VALUES (5, 188);
INSERT INTO [dbo].[PlaylistTrack] ([PlaylistId], [TrackId]) VALUES (5, 189);
INSERT INTO [dbo].[PlaylistTrack] ([PlaylistId], [TrackId]) VALUES (5, 190);
INSERT INTO [dbo].[PlaylistTrack] ([PlaylistId], [TrackId]) VALUES (5, 191);
INSERT INTO [dbo].[PlaylistTrack] ([PlaylistId], [TrackId]) VALUES (5, 192);
INSERT INTO [dbo].[PlaylistTrack] ([PlaylistId], [TrackId]) VALUES (5, 193);
INSERT INTO [dbo].[PlaylistTrack] ([PlaylistId], [TrackId]) VALUES (5, 205);
INSERT INTO [dbo].[PlaylistTrack] ([PlaylistId], [TrackId]) VALUES (5, 206);
INSERT INTO [dbo].[PlaylistTrack] ([PlaylistId], [TrackId]) VALUES (5, 207);
INSERT INTO [dbo].[PlaylistTrack] ([PlaylistId], [TrackId]) VALUES (5, 208);
INSERT INTO [dbo].[PlaylistTrack] ([PlaylistId], [TrackId]) VALUES (5, 209);
INSERT INTO [dbo].[PlaylistTrack] ([PlaylistId], [TrackId]) VALUES (5, 210);
INSERT INTO [dbo].[PlaylistTrack] ([PlaylistId], [TrackId]) VALUES (5, 211);
INSERT INTO [dbo].[PlaylistTrack] ([PlaylistId], [TrackId]) VALUES (5, 212);
INSERT INTO [dbo].[PlaylistTrack] ([PlaylistId], [TrackId]) VALUES (5, 213);
INSERT INTO [dbo].[PlaylistTrack] ([PlaylistId], [TrackId]) VALUES (5, 214);
INSERT INTO [dbo].[PlaylistTrack] ([PlaylistId], [TrackId]) VALUES (5, 215);
INSERT INTO [dbo].[PlaylistTrack] ([PlaylistId], [TrackId]) VALUES (5, 216);
INSERT INTO [dbo].[PlaylistTrack] ([PlaylistId], [TrackId]) VALUES (5, 217);
INSERT INTO [dbo].[PlaylistTrack] ([PlaylistId], [TrackId]) VALUES (5, 218);
INSERT INTO [dbo].[PlaylistTrack] ([PlaylistId], [TrackId]) VALUES (5, 219);
INSERT INTO [dbo].[PlaylistTrack] ([PlaylistId], [TrackId]) VALUES (5, 220);
INSERT INTO [dbo].[PlaylistTrack] ([PlaylistId], [TrackId]) VALUES (5, 221);
INSERT INTO [dbo].[PlaylistTrack] ([PlaylistId], [TrackId]) VALUES (5, 222);
INSERT INTO [dbo].[PlaylistTrack] ([PlaylistId], [TrackId]) VALUES (5, 299);
INSERT INTO [dbo].[PlaylistTrack] ([PlaylistId], [TrackId]) VALUES (5, 300);
INSERT INTO [dbo].[PlaylistTrack] ([PlaylistId], [TrackId]) VALUES (5, 301);
INSERT INTO [dbo].[PlaylistTrack] ([PlaylistId], [TrackId]) VALUES (5, 302);
INSERT INTO [dbo].[PlaylistTrack] ([PlaylistId], [TrackId]) VALUES (5, 303);
INSERT INTO [dbo].[PlaylistTrack] ([PlaylistId], [TrackId]) VALUES (5, 304);
INSERT INTO [dbo].[PlaylistTrack] ([PlaylistId], [TrackId]) VALUES (5, 305);
INSERT INTO [dbo].[PlaylistTrack] ([PlaylistId], [TrackId]) VALUES (5, 306);
INSERT INTO [dbo].[PlaylistTrack] ([PlaylistId], [TrackId]) VALUES (5, 307);
INSERT INTO [dbo].[PlaylistTrack] ([PlaylistId], [TrackId]) VALUES (5, 308);
INSERT INTO [dbo].[PlaylistTrack] ([PlaylistId], [TrackId]) VALUES (5, 309);
INSERT INTO [dbo].[PlaylistTrack] ([PlaylistId], [TrackId]) VALUES (5, 310);
INSERT INTO [dbo].[PlaylistTrack] ([PlaylistId], [TrackId]) VALUES (5, 311);
INSERT INTO [dbo].[PlaylistTrack] ([PlaylistId], [TrackId]) VALUES (5, 312);
INSERT INTO [dbo].[PlaylistTrack] ([PlaylistId], [TrackId]) VALUES (8, 1);
INSERT INTO [dbo].[PlaylistTrack] ([PlaylistId], [TrackId]) VALUES (8, 6);
INSERT INTO [dbo].[PlaylistTrack] ([PlaylistId], [TrackId]) VALUES (8, 7);
INSERT INTO [dbo].[PlaylistTrack] ([PlaylistId], [TrackId]) VALUES (8, 8);
INSERT INTO [dbo].[PlaylistTrack] ([PlaylistId], [TrackId]) VALUES (8, 9);
INSERT INTO [dbo].[PlaylistTrack] ([PlaylistId], [TrackId]) VALUES (8, 10);
INSERT INTO [dbo].[PlaylistTrack] ([PlaylistId], [TrackId]) VALUES (8, 11);
INSERT INTO [dbo].[PlaylistTrack] ([PlaylistId], [TrackId]) VALUES (8, 12);
INSERT INTO [dbo].[PlaylistTrack] ([PlaylistId], [TrackId]) VALUES (8, 13);
INSERT INTO [dbo].[PlaylistTrack] ([PlaylistId], [TrackId]) VALUES (8, 14);
INSERT INTO [dbo].[PlaylistTrack] ([PlaylistId], [TrackId]) VALUES (8, 15);
INSERT INTO [dbo].[PlaylistTrack] ([PlaylistId], [TrackId]) VALUES (8, 16);
INSERT INTO [dbo].[PlaylistTrack] ([PlaylistId], [TrackId]) VALUES (8, 17);
INSERT INTO [dbo].[PlaylistTrack] ([PlaylistId], [TrackId]) VALUES (8, 18);
INSERT INTO [dbo].[PlaylistTrack] ([PlaylistId], [TrackId]) VALUES (8, 19);
INSERT INTO [dbo].[PlaylistTrack] ([PlaylistId], [TrackId]) VALUES (8, 20);
INSERT INTO [dbo].[PlaylistTrack] ([PlaylistId], [TrackId]) VALUES (8, 21);
INSERT INTO [dbo].[PlaylistTrack] ([PlaylistId], [TrackId]) VALUES (8, 22);
INSERT INTO [dbo].[PlaylistTrack] ([PlaylistId], [TrackId]) VALUES (8, 2);
INSERT INTO [dbo].[PlaylistTrack] ([PlaylistId], [TrackId]) VALUES (8, 3);
INSERT INTO [dbo].[PlaylistTrack] ([PlaylistId], [TrackId]) VALUES (8, 4);
INSERT INTO [dbo].[PlaylistTrack] ([PlaylistId], [TrackId]) VALUES (8, 5);
INSERT INTO [dbo].[PlaylistTrack] ([PlaylistId], [TrackId]) VALUES (8, 23);
INSERT INTO [dbo].[PlaylistTrack] ([PlaylistId], [TrackId]) VALUES (8, 24);
INSERT INTO [dbo].[PlaylistTrack] ([PlaylistId], [TrackId]) VALUES (8, 25);
INSERT INTO [dbo].[PlaylistTrack] ([PlaylistId], [TrackId]) VALUES (8, 26);
INSERT INTO [dbo].[PlaylistTrack] ([PlaylistId], [TrackId]) VALUES (8, 27);
INSERT INTO [dbo].[PlaylistTrack] ([PlaylistId], [TrackId]) VALUES (8, 28);
INSERT INTO [dbo].[PlaylistTrack] ([PlaylistId], [TrackId]) VALUES (8, 29);
INSERT INTO [dbo].[PlaylistTrack] ([PlaylistId], [TrackId]) VALUES (8, 30);
INSERT INTO [dbo].[PlaylistTrack] ([PlaylistId], [TrackId]) VALUES (8, 31);
INSERT INTO [dbo].[PlaylistTrack] ([PlaylistId], [TrackId]) VALUES (8, 32);
INSERT INTO [dbo].[PlaylistTrack] ([PlaylistId], [TrackId]) VALUES (8, 33);
INSERT INTO [dbo].[PlaylistTrack] ([PlaylistId], [TrackId]) VALUES (8, 34);
INSERT INTO [dbo].[PlaylistTrack] ([PlaylistId], [TrackId]) VALUES (8, 35);
INSERT INTO [dbo].[PlaylistTrack] ([PlaylistId], [TrackId]) VALUES (8, 36);
INSERT INTO [dbo].[PlaylistTrack] ([PlaylistId], [TrackId]) VALUES (8, 37);
INSERT INTO [dbo].[PlaylistTrack] ([PlaylistId], [TrackId]) VALUES (8, 38);
INSERT INTO [dbo].[PlaylistTrack] ([PlaylistId], [TrackId]) VALUES (8, 39);
INSERT INTO [dbo].[PlaylistTrack] ([PlaylistId], [TrackId]) VALUES (8, 40);
INSERT INTO [dbo].[PlaylistTrack] ([PlaylistId], [TrackId]) VALUES (8, 41);
INSERT INTO [dbo].[PlaylistTrack] ([PlaylistId], [TrackId]) VALUES (8, 42);
INSERT INTO [dbo].[PlaylistTrack] ([PlaylistId], [TrackId]) VALUES (8, 43);
INSERT INTO [dbo].[PlaylistTrack] ([PlaylistId], [TrackId]) VALUES (8, 44);
INSERT INTO [dbo].[PlaylistTrack] ([PlaylistId], [TrackId]) VALUES (8, 45);
INSERT INTO [dbo].[PlaylistTrack] ([PlaylistId], [TrackId]) VALUES (8, 46);
INSERT INTO [dbo].[PlaylistTrack] ([PlaylistId], [TrackId]) VALUES (8, 47);
INSERT INTO [dbo].[PlaylistTrack] ([PlaylistId], [TrackId]) VALUES (8, 48);
INSERT INTO [dbo].[PlaylistTrack] ([PlaylistId], [TrackId]) VALUES (8, 49);
INSERT INTO [dbo].[PlaylistTrack] ([PlaylistId], [TrackId]) VALUES (8, 50);
INSERT INTO [dbo].[PlaylistTrack] ([PlaylistId], [TrackId]) VALUES (8, 51);
INSERT INTO [dbo].[PlaylistTrack] ([PlaylistId], [TrackId]) VALUES (8, 52);
INSERT INTO [dbo].[PlaylistTrack] ([PlaylistId], [TrackId]) VALUES (8, 53);
INSERT INTO [dbo].[PlaylistTrack] ([PlaylistId], [TrackId]) VALUES (8, 54);
INSERT INTO [dbo].[PlaylistTrack] ([PlaylistId], [TrackId]) VALUES (8, 55);
INSERT INTO [dbo].[PlaylistTrack] ([PlaylistId], [TrackId]) VALUES (8, 56);
INSERT INTO [dbo].[PlaylistTrack] ([PlaylistId], [TrackId]) VALUES (8, 57);
INSERT INTO [dbo].[PlaylistTrack] ([PlaylistId], [TrackId]) VALUES (8, 58);
INSERT INTO [dbo].[PlaylistTrack] ([PlaylistId], [TrackId]) VALUES (8, 59);
INSERT INTO [dbo].[PlaylistTrack] ([PlaylistId], [TrackId]) VALUES (8, 60);
INSERT INTO [dbo].[PlaylistTrack] ([PlaylistId], [TrackId]) VALUES (8, 61);
INSERT INTO [dbo].[PlaylistTrack] ([PlaylistId], [TrackId]) VALUES (8, 62);
INSERT INTO [dbo].[PlaylistTrack] ([PlaylistId], [TrackId]) VALUES (8, 63);
INSERT INTO [dbo].[PlaylistTrack] ([PlaylistId], [TrackId]) VALUES (8, 64);
INSERT INTO [dbo].[PlaylistTrack] ([PlaylistId], [TrackId]) VALUES (8, 65);
INSERT INTO [dbo].[PlaylistTrack] ([PlaylistId], [TrackId]) VALUES (8, 66);
INSERT INTO [dbo].[PlaylistTrack] ([PlaylistId], [TrackId]) VALUES (8, 67);
INSERT INTO [dbo].[PlaylistTrack] ([PlaylistId], [TrackId]) VALUES (8, 68);
INSERT INTO [dbo].[PlaylistTrack] ([PlaylistId], [TrackId]) VALUES (8, 69);
INSERT INTO [dbo].[PlaylistTrack] ([PlaylistId], [TrackId]) VALUES (8, 70);
INSERT INTO [dbo].[PlaylistTrack] ([PlaylistId], [TrackId]) VALUES (8, 71);
INSERT INTO [dbo].[PlaylistTrack] ([PlaylistId], [TrackId]) VALUES (8, 72);
INSERT INTO [dbo].[PlaylistTrack] ([PlaylistId], [TrackId]) VALUES (8, 73);
INSERT INTO [dbo].[PlaylistTrack] ([PlaylistId], [TrackId]) VALUES (8, 74);
INSERT INTO [dbo].[PlaylistTrack] ([PlaylistId], [TrackId]) VALUES (8, 75);
INSERT INTO [dbo].[PlaylistTrack] ([PlaylistId], [TrackId]) VALUES (8, 76);
INSERT INTO [dbo].[PlaylistTrack] ([PlaylistId], [TrackId]) VALUES (8, 77);
INSERT INTO [dbo].[PlaylistTrack] ([PlaylistId], [TrackId]) VALUES (8, 78);
INSERT INTO [dbo].[PlaylistTrack] ([PlaylistId], [TrackId]) VALUES (8, 79);
INSERT INTO [dbo].[PlaylistTrack] ([PlaylistId], [TrackId]) VALUES (8, 80);
INSERT INTO [dbo].[PlaylistTrack] ([PlaylistId], [TrackId]) VALUES (8, 81);
INSERT INTO [dbo].[PlaylistTrack] ([PlaylistId], [TrackId]) VALUES (8, 82);
INSERT INTO [dbo].[PlaylistTrack] ([PlaylistId], [TrackId]) VALUES (8, 83);
INSERT INTO [dbo].[PlaylistTrack] ([PlaylistId], [TrackId]) VALUES (8, 84);
INSERT INTO [dbo].[PlaylistTrack] ([PlaylistId], [TrackId]) VALUES (8, 85);
INSERT INTO [dbo].[PlaylistTrack] ([PlaylistId], [TrackId]) VALUES (8, 86);
INSERT INTO [dbo].[PlaylistTrack] ([PlaylistId], [TrackId]) VALUES (8, 87);
INSERT INTO [dbo].[PlaylistTrack] ([PlaylistId], [TrackId]) VALUES (8, 88);
INSERT INTO [dbo].[PlaylistTrack] ([PlaylistId], [TrackId]) VALUES (8, 89);
INSERT INTO [dbo].[PlaylistTrack] ([PlaylistId], [TrackId]) VALUES (8, 90);
INSERT INTO [dbo].[PlaylistTrack] ([PlaylistId], [TrackId]) VALUES (8, 91);
INSERT INTO [dbo].[PlaylistTrack] ([PlaylistId], [TrackId]) VALUES (8, 92);
INSERT INTO [dbo].[PlaylistTrack] ([PlaylistId], [TrackId]) VALUES (8, 93);
INSERT INTO [dbo].[PlaylistTrack] ([PlaylistId], [TrackId]) VALUES (8, 94);
INSERT INTO [dbo].[PlaylistTrack] ([PlaylistId], [TrackId]) VALUES (8, 95);
INSERT INTO [dbo].[PlaylistTrack] ([PlaylistId], [TrackId]) VALUES (8, 96);
INSERT INTO [dbo].[PlaylistTrack] ([PlaylistId], [TrackId]) VALUES (8, 97);
INSERT INTO [dbo].[PlaylistTrack] ([PlaylistId], [TrackId]) VALUES (8, 98);
INSERT INTO [dbo].[PlaylistTrack] ([PlaylistId], [TrackId]) VALUES (8, 99);
INSERT INTO [dbo].[PlaylistTrack] ([PlaylistId], [TrackId]) VALUES (8, 100);
INSERT INTO [dbo].[PlaylistTrack] ([PlaylistId], [TrackId]) VALUES (8, 101);
INSERT INTO [dbo].[PlaylistTrack] ([PlaylistId], [TrackId]) VALUES (8, 102);
INSERT INTO [dbo].[PlaylistTrack] ([PlaylistId], [TrackId]) VALUES (8, 103);
INSERT INTO [dbo].[PlaylistTrack] ([PlaylistId], [TrackId]) VALUES (8, 104);
INSERT INTO [dbo].[PlaylistTrack] ([PlaylistId], [TrackId]) VALUES (8, 105);
INSERT INTO [dbo].[PlaylistTrack] ([PlaylistId], [TrackId]) VALUES (8, 106);
INSERT INTO [dbo].[PlaylistTrack] ([PlaylistId], [TrackId]) VALUES (8, 107);
INSERT INTO [dbo].[PlaylistTrack] ([PlaylistId], [TrackId]) VALUES (8, 108);
INSERT INTO [dbo].[PlaylistTrack] ([PlaylistId], [TrackId]) VALUES (8, 109);
INSERT INTO [dbo].[PlaylistTrack] ([PlaylistId], [TrackId]) VALUES (8, 110);
INSERT INTO [dbo].[PlaylistTrack] ([PlaylistId], [TrackId]) VALUES (8, 111);
INSERT INTO [dbo].[PlaylistTrack] ([PlaylistId], [TrackId]) VALUES (8, 112);
INSERT INTO [dbo].[PlaylistTrack] ([PlaylistId], [TrackId]) VALUES (8, 113);
INSERT INTO [dbo].[PlaylistTrack] ([PlaylistId], [TrackId]) VALUES (8, 114);
INSERT INTO [dbo].[PlaylistTrack] ([PlaylistId], [TrackId]) VALUES (8, 115);
INSERT INTO [dbo].[PlaylistTrack] ([PlaylistId], [TrackId]) VALUES (8, 116);
INSERT INTO [dbo].[PlaylistTrack] ([PlaylistId], [TrackId]) VALUES (8, 117);
INSERT INTO [dbo].[PlaylistTrack] ([PlaylistId], [TrackId]) VALUES (8, 118);
INSERT INTO [dbo].[PlaylistTrack] ([PlaylistId], [TrackId]) VALUES (8, 119);
INSERT INTO [dbo].[PlaylistTrack] ([PlaylistId], [TrackId]) VALUES (8, 120);
INSERT INTO [dbo].[PlaylistTrack] ([PlaylistId], [TrackId]) VALUES (8, 121);
INSERT INTO [dbo].[PlaylistTrack] ([PlaylistId], [TrackId]) VALUES (8, 122);
INSERT INTO [dbo].[PlaylistTrack] ([PlaylistId], [TrackId]) VALUES (8, 123);
INSERT INTO [dbo].[PlaylistTrack] ([PlaylistId], [TrackId]) VALUES (8, 124);
INSERT INTO [dbo].[PlaylistTrack] ([PlaylistId], [TrackId]) VALUES (8, 125);
INSERT INTO [dbo].[PlaylistTrack] ([PlaylistId], [TrackId]) VALUES (8, 126);
INSERT INTO [dbo].[PlaylistTrack] ([PlaylistId], [TrackId]) VALUES (8, 127);
INSERT INTO [dbo].[PlaylistTrack] ([PlaylistId], [TrackId]) VALUES (8, 128);
INSERT INTO [dbo].[PlaylistTrack] ([PlaylistId], [TrackId]) VALUES (8, 129);
INSERT INTO [dbo].[PlaylistTrack] ([PlaylistId], [TrackId]) VALUES (8, 130);
INSERT INTO [dbo].[PlaylistTrack] ([PlaylistId], [TrackId]) VALUES (8, 131);
INSERT INTO [dbo].[PlaylistTrack] ([PlaylistId], [TrackId]) VALUES (8, 132);
INSERT INTO [dbo].[PlaylistTrack] ([PlaylistId], [TrackId]) VALUES (8, 133);
INSERT INTO [dbo].[PlaylistTrack] ([PlaylistId], [TrackId]) VALUES (8, 134);
INSERT INTO [dbo].[PlaylistTrack] ([PlaylistId], [TrackId]) VALUES (8, 135);
INSERT INTO [dbo].[PlaylistTrack] ([PlaylistId], [TrackId]) VALUES (8, 136);
INSERT INTO [dbo].[PlaylistTrack] ([PlaylistId], [TrackId]) VALUES (8, 137);
INSERT INTO [dbo].[PlaylistTrack] ([PlaylistId], [TrackId]) VALUES (8, 138);
INSERT INTO [dbo].[PlaylistTrack] ([PlaylistId], [TrackId]) VALUES (8, 139);
INSERT INTO [dbo].[PlaylistTrack] ([PlaylistId], [TrackId]) VALUES (8, 140);
INSERT INTO [dbo].[PlaylistTrack] ([PlaylistId], [TrackId]) VALUES (8, 141);
INSERT INTO [dbo].[PlaylistTrack] ([PlaylistId], [TrackId]) VALUES (8, 142);
INSERT INTO [dbo].[PlaylistTrack] ([PlaylistId], [TrackId]) VALUES (8, 143);
INSERT INTO [dbo].[PlaylistTrack] ([PlaylistId], [TrackId]) VALUES (8, 144);
INSERT INTO [dbo].[PlaylistTrack] ([PlaylistId], [TrackId]) VALUES (8, 145);
INSERT INTO [dbo].[PlaylistTrack] ([PlaylistId], [TrackId]) VALUES (8, 146);
INSERT INTO [dbo].[PlaylistTrack] ([PlaylistId], [TrackId]) VALUES (8, 147);
INSERT INTO [dbo].[PlaylistTrack] ([PlaylistId], [TrackId]) VALUES (8, 148);
INSERT INTO [dbo].[PlaylistTrack] ([PlaylistId], [TrackId]) VALUES (8, 149);
INSERT INTO [dbo].[PlaylistTrack] ([PlaylistId], [TrackId]) VALUES (8, 150);
INSERT INTO [dbo].[PlaylistTrack] ([PlaylistId], [TrackId]) VALUES (8, 151);
INSERT INTO [dbo].[PlaylistTrack] ([PlaylistId], [TrackId]) VALUES (8, 152);
INSERT INTO [dbo].[PlaylistTrack] ([PlaylistId], [TrackId]) VALUES (8, 153);
INSERT INTO [dbo].[PlaylistTrack] ([PlaylistId], [TrackId]) VALUES (8, 154);
INSERT INTO [dbo].[PlaylistTrack] ([PlaylistId], [TrackId]) VALUES (8, 155);
INSERT INTO [dbo].[PlaylistTrack] ([PlaylistId], [TrackId]) VALUES (8, 156);
INSERT INTO [dbo].[PlaylistTrack] ([PlaylistId], [TrackId]) VALUES (8, 157);
INSERT INTO [dbo].[PlaylistTrack] ([PlaylistId], [TrackId]) VALUES (8, 158);
INSERT INTO [dbo].[PlaylistTrack] ([PlaylistId], [TrackId]) VALUES (8, 159);
INSERT INTO [dbo].[PlaylistTrack] ([PlaylistId], [TrackId]) VALUES (8, 160);
INSERT INTO [dbo].[PlaylistTrack] ([PlaylistId], [TrackId]) VALUES (8, 161);
INSERT INTO [dbo].[PlaylistTrack] ([PlaylistId], [TrackId]) VALUES (8, 162);
INSERT INTO [dbo].[PlaylistTrack] ([PlaylistId], [TrackId]) VALUES (8, 163);
INSERT INTO [dbo].[PlaylistTrack] ([PlaylistId], [TrackId]) VALUES (8, 164);
INSERT INTO [dbo].[PlaylistTrack] ([PlaylistId], [TrackId]) VALUES (8, 165);
INSERT INTO [dbo].[PlaylistTrack] ([PlaylistId], [TrackId]) VALUES (8, 166);
INSERT INTO [dbo].[PlaylistTrack] ([PlaylistId], [TrackId]) VALUES (8, 167);
INSERT INTO [dbo].[PlaylistTrack] ([PlaylistId], [TrackId]) VALUES (8, 168);
INSERT INTO [dbo].[PlaylistTrack] ([PlaylistId], [TrackId]) VALUES (8, 169);
INSERT INTO [dbo].[PlaylistTrack] ([PlaylistId], [TrackId]) VALUES (8, 170);
INSERT INTO [dbo].[PlaylistTrack] ([PlaylistId], [TrackId]) VALUES (8, 171);
INSERT INTO [dbo].[PlaylistTrack] ([PlaylistId], [TrackId]) VALUES (8, 172);
INSERT INTO [dbo].[PlaylistTrack] ([PlaylistId], [TrackId]) VALUES (8, 173);
INSERT INTO [dbo].[PlaylistTrack] ([PlaylistId], [TrackId]) VALUES (8, 174);
INSERT INTO [dbo].[PlaylistTrack] ([PlaylistId], [TrackId]) VALUES (8, 175);
INSERT INTO [dbo].[PlaylistTrack] ([PlaylistId], [TrackId]) VALUES (8, 176);
INSERT INTO [dbo].[PlaylistTrack] ([PlaylistId], [TrackId]) VALUES (8, 177);
INSERT INTO [dbo].[PlaylistTrack] ([PlaylistId], [TrackId]) VALUES (8, 178);
INSERT INTO [dbo].[PlaylistTrack] ([PlaylistId], [TrackId]) VALUES (8, 179);
INSERT INTO [dbo].[PlaylistTrack] ([PlaylistId], [TrackId]) VALUES (8, 180);
INSERT INTO [dbo].[PlaylistTrack] ([PlaylistId], [TrackId]) VALUES (8, 181);
INSERT INTO [dbo].[PlaylistTrack] ([PlaylistId], [TrackId]) VALUES (8, 182);
INSERT INTO [dbo].[PlaylistTrack] ([PlaylistId], [TrackId]) VALUES (8, 183);
INSERT INTO [dbo].[PlaylistTrack] ([PlaylistId], [TrackId]) VALUES (8, 184);
INSERT INTO [dbo].[PlaylistTrack] ([PlaylistId], [TrackId]) VALUES (8, 185);
INSERT INTO [dbo].[PlaylistTrack] ([PlaylistId], [TrackId]) VALUES (8, 186);
INSERT INTO [dbo].[PlaylistTrack] ([PlaylistId], [TrackId]) VALUES (8, 187);
INSERT INTO [dbo].[PlaylistTrack] ([PlaylistId], [TrackId]) VALUES (8, 188);
INSERT INTO [dbo].[PlaylistTrack] ([PlaylistId], [TrackId]) VALUES (8, 189);
INSERT INTO [dbo].[PlaylistTrack] ([PlaylistId], [TrackId]) VALUES (8, 190);
INSERT INTO [dbo].[PlaylistTrack] ([PlaylistId], [TrackId]) VALUES (8, 191);
INSERT INTO [dbo].[PlaylistTrack] ([PlaylistId], [TrackId]) VALUES (8, 192);
INSERT INTO [dbo].[PlaylistTrack] ([PlaylistId], [TrackId]) VALUES (8, 193);
INSERT INTO [dbo].[PlaylistTrack] ([PlaylistId], [TrackId]) VALUES (8, 194);
INSERT INTO [dbo].[PlaylistTrack] ([PlaylistId], [TrackId]) VALUES (8, 195);
INSERT INTO [dbo].[PlaylistTrack] ([PlaylistId], [TrackId]) VALUES (8, 196);
INSERT INTO [dbo].[PlaylistTrack] ([PlaylistId], [TrackId]) VALUES (8, 197);
INSERT INTO [dbo].[PlaylistTrack] ([PlaylistId], [TrackId]) VALUES (8, 198);
INSERT INTO [dbo].[PlaylistTrack] ([PlaylistId], [TrackId]) VALUES (8, 199);
INSERT INTO [dbo].[PlaylistTrack] ([PlaylistId], [TrackId]) VALUES (8, 200);
INSERT INTO [dbo].[PlaylistTrack] ([PlaylistId], [TrackId]) VALUES (8, 201);
INSERT INTO [dbo].[PlaylistTrack] ([PlaylistId], [TrackId]) VALUES (8, 202);
INSERT INTO [dbo].[PlaylistTrack] ([PlaylistId], [TrackId]) VALUES (8, 203);
INSERT INTO [dbo].[PlaylistTrack] ([PlaylistId], [TrackId]) VALUES (8, 204);
INSERT INTO [dbo].[PlaylistTrack] ([PlaylistId], [TrackId]) VALUES (8, 205);
INSERT INTO [dbo].[PlaylistTrack] ([PlaylistId], [TrackId]) VALUES (8, 206);
INSERT INTO [dbo].[PlaylistTrack] ([PlaylistId], [TrackId]) VALUES (8, 207);
INSERT INTO [dbo].[PlaylistTrack] ([PlaylistId], [TrackId]) VALUES (8, 208);
INSERT INTO [dbo].[PlaylistTrack] ([PlaylistId], [TrackId]) VALUES (8, 209);
INSERT INTO [dbo].[PlaylistTrack] ([PlaylistId], [TrackId]) VALUES (8, 210);
INSERT INTO [dbo].[PlaylistTrack] ([PlaylistId], [TrackId]) VALUES (8, 211);
INSERT INTO [dbo].[PlaylistTrack] ([PlaylistId], [TrackId]) VALUES (8, 212);
INSERT INTO [dbo].[PlaylistTrack] ([PlaylistId], [TrackId]) VALUES (8, 213);
INSERT INTO [dbo].[PlaylistTrack] ([PlaylistId], [TrackId]) VALUES (8, 214);
INSERT INTO [dbo].[PlaylistTrack] ([PlaylistId], [TrackId]) VALUES (8, 215);
INSERT INTO [dbo].[PlaylistTrack] ([PlaylistId], [TrackId]) VALUES (8, 216);
INSERT INTO [dbo].[PlaylistTrack] ([PlaylistId], [TrackId]) VALUES (8, 217);
INSERT INTO [dbo].[PlaylistTrack] ([PlaylistId], [TrackId]) VALUES (8, 218);
INSERT INTO [dbo].[PlaylistTrack] ([PlaylistId], [TrackId]) VALUES (8, 219);
INSERT INTO [dbo].[PlaylistTrack] ([PlaylistId], [TrackId]) VALUES (8, 220);
INSERT INTO [dbo].[PlaylistTrack] ([PlaylistId], [TrackId]) VALUES (8, 221);
INSERT INTO [dbo].[PlaylistTrack] ([PlaylistId], [TrackId]) VALUES (8, 222);
INSERT INTO [dbo].[PlaylistTrack] ([PlaylistId], [TrackId]) VALUES (8, 223);
INSERT INTO [dbo].[PlaylistTrack] ([PlaylistId], [TrackId]) VALUES (8, 224);
INSERT INTO [dbo].[PlaylistTrack] ([PlaylistId], [TrackId]) VALUES (8, 225);
INSERT INTO [dbo].[PlaylistTrack] ([PlaylistId], [TrackId]) VALUES (8, 226);
INSERT INTO [dbo].[PlaylistTrack] ([PlaylistId], [TrackId]) VALUES (8, 227);
INSERT INTO [dbo].[PlaylistTrack] ([PlaylistId], [TrackId]) VALUES (8, 228);
INSERT INTO [dbo].[PlaylistTrack] ([PlaylistId], [TrackId]) VALUES (8, 229);
INSERT INTO [dbo].[PlaylistTrack] ([PlaylistId], [TrackId]) VALUES (8, 230);
INSERT INTO [dbo].[PlaylistTrack] ([PlaylistId], [TrackId]) VALUES (8, 231);
INSERT INTO [dbo].[PlaylistTrack] ([PlaylistId], [TrackId]) VALUES (8, 232);
INSERT INTO [dbo].[PlaylistTrack] ([PlaylistId], [TrackId]) VALUES (8, 233);
INSERT INTO [dbo].[PlaylistTrack] ([PlaylistId], [TrackId]) VALUES (8, 234);
INSERT INTO [dbo].[PlaylistTrack] ([PlaylistId], [TrackId]) VALUES (8, 235);
INSERT INTO [dbo].[PlaylistTrack] ([PlaylistId], [TrackId]) VALUES (8, 236);
INSERT INTO [dbo].[PlaylistTrack] ([PlaylistId], [TrackId]) VALUES (8, 237);
INSERT INTO [dbo].[PlaylistTrack] ([PlaylistId], [TrackId]) VALUES (8, 238);
INSERT INTO [dbo].[PlaylistTrack] ([PlaylistId], [TrackId]) VALUES (8, 239);
INSERT INTO [dbo].[PlaylistTrack] ([PlaylistId], [TrackId]) VALUES (8, 240);
INSERT INTO [dbo].[PlaylistTrack] ([PlaylistId], [TrackId]) VALUES (8, 241);
INSERT INTO [dbo].[PlaylistTrack] ([PlaylistId], [TrackId]) VALUES (8, 242);
INSERT INTO [dbo].[PlaylistTrack] ([PlaylistId], [TrackId]) VALUES (8, 243);
INSERT INTO [dbo].[PlaylistTrack] ([PlaylistId], [TrackId]) VALUES (8, 244);
INSERT INTO [dbo].[PlaylistTrack] ([PlaylistId], [TrackId]) VALUES (8, 245);
INSERT INTO [dbo].[PlaylistTrack] ([PlaylistId], [TrackId]) VALUES (8, 246);
INSERT INTO [dbo].[PlaylistTrack] ([PlaylistId], [TrackId]) VALUES (8, 247);
INSERT INTO [dbo].[PlaylistTrack] ([PlaylistId], [TrackId]) VALUES (8, 248);
INSERT INTO [dbo].[PlaylistTrack] ([PlaylistId], [TrackId]) VALUES (8, 249);
INSERT INTO [dbo].[PlaylistTrack] ([PlaylistId], [TrackId]) VALUES (8, 250);
INSERT INTO [dbo].[PlaylistTrack] ([PlaylistId], [TrackId]) VALUES (8, 251);
INSERT INTO [dbo].[PlaylistTrack] ([PlaylistId], [TrackId]) VALUES (8, 252);
INSERT INTO [dbo].[PlaylistTrack] ([PlaylistId], [TrackId]) VALUES (8, 253);
INSERT INTO [dbo].[PlaylistTrack] ([PlaylistId], [TrackId]) VALUES (8, 254);
INSERT INTO [dbo].[PlaylistTrack] ([PlaylistId], [TrackId]) VALUES (8, 255);
INSERT INTO [dbo].[PlaylistTrack] ([PlaylistId], [TrackId]) VALUES (8, 256);
INSERT INTO [dbo].[PlaylistTrack] ([PlaylistId], [TrackId]) VALUES (8, 257);
INSERT INTO [dbo].[PlaylistTrack] ([PlaylistId], [TrackId]) VALUES (8, 258);
INSERT INTO [dbo].[PlaylistTrack] ([PlaylistId], [TrackId]) VALUES (8, 259);
INSERT INTO [dbo].[PlaylistTrack] ([PlaylistId], [TrackId]) VALUES (8, 260);
INSERT INTO [dbo].[PlaylistTrack] ([PlaylistId], [TrackId]) VALUES (8, 261);
INSERT INTO [dbo].[PlaylistTrack] ([PlaylistId], [TrackId]) VALUES (8, 262);
INSERT INTO [dbo].[PlaylistTrack] ([PlaylistId], [TrackId]) VALUES (8, 263);
INSERT INTO [dbo].[PlaylistTrack] ([PlaylistId], [TrackId]) VALUES (8, 264);
INSERT INTO [dbo].[PlaylistTrack] ([PlaylistId], [TrackId]) VALUES (8, 265);
INSERT INTO [dbo].[PlaylistTrack] ([PlaylistId], [TrackId]) VALUES (8, 266);
INSERT INTO [dbo].[PlaylistTrack] ([PlaylistId], [TrackId]) VALUES (8, 267);
INSERT INTO [dbo].[PlaylistTrack] ([PlaylistId], [TrackId]) VALUES (8, 268);
INSERT INTO [dbo].[PlaylistTrack] ([PlaylistId], [TrackId]) VALUES (8, 269);
INSERT INTO [dbo].[PlaylistTrack] ([PlaylistId], [TrackId]) VALUES (8, 270);
INSERT INTO [dbo].[PlaylistTrack] ([PlaylistId], [TrackId]) VALUES (8, 271);
INSERT INTO [dbo].[PlaylistTrack] ([PlaylistId], [TrackId]) VALUES (8, 272);
INSERT INTO [dbo].[PlaylistTrack] ([PlaylistId], [TrackId]) VALUES (8, 273);
INSERT INTO [dbo].[PlaylistTrack] ([PlaylistId], [TrackId]) VALUES (8, 274);
INSERT INTO [dbo].[PlaylistTrack] ([PlaylistId], [TrackId]) VALUES (8, 275);
INSERT INTO [dbo].[PlaylistTrack] ([PlaylistId], [TrackId]) VALUES (8, 276);
INSERT INTO [dbo].[PlaylistTrack] ([PlaylistId], [TrackId]) VALUES (8, 277);
INSERT INTO [dbo].[PlaylistTrack] ([PlaylistId], [TrackId]) VALUES (8, 278);
INSERT INTO [dbo].[PlaylistTrack] ([PlaylistId], [TrackId]) VALUES (8, 279);
INSERT INTO [dbo].[PlaylistTrack] ([PlaylistId], [TrackId]) VALUES (8, 280);
INSERT INTO [dbo].[PlaylistTrack] ([PlaylistId], [TrackId]) VALUES (8, 281);
INSERT INTO [dbo].[PlaylistTrack] ([PlaylistId], [TrackId]) VALUES (8, 282);
INSERT INTO [dbo].[PlaylistTrack] ([PlaylistId], [TrackId]) VALUES (8, 283);
INSERT INTO [dbo].[PlaylistTrack] ([PlaylistId], [TrackId]) VALUES (8, 284);
INSERT INTO [dbo].[PlaylistTrack] ([PlaylistId], [TrackId]) VALUES (8, 285);
INSERT INTO [dbo].[PlaylistTrack] ([PlaylistId], [TrackId]) VALUES (8, 286);
INSERT INTO [dbo].[PlaylistTrack] ([PlaylistId], [TrackId]) VALUES (8, 287);
INSERT INTO [dbo].[PlaylistTrack] ([PlaylistId], [TrackId]) VALUES (8, 288);
INSERT INTO [dbo].[PlaylistTrack] ([PlaylistId], [TrackId]) VALUES (8, 289);
INSERT INTO [dbo].[PlaylistTrack] ([PlaylistId], [TrackId]) VALUES (8, 290);
INSERT INTO [dbo].[PlaylistTrack] ([PlaylistId], [TrackId]) VALUES (8, 291);
INSERT INTO [dbo].[PlaylistTrack] ([PlaylistId], [TrackId]) VALUES (8, 292);
INSERT INTO [dbo].[PlaylistTrack] ([PlaylistId], [TrackId]) VALUES (8, 293);
INSERT INTO [dbo].[PlaylistTrack] ([PlaylistId], [TrackId]) VALUES (8, 294);
INSERT INTO [dbo].[PlaylistTrack] ([PlaylistId], [TrackId]) VALUES (8, 295);
INSERT INTO [dbo].[PlaylistTrack] ([PlaylistId], [TrackId]) VALUES (8, 296);
INSERT INTO [dbo].[PlaylistTrack] ([PlaylistId], [TrackId]) VALUES (8, 297);
INSERT INTO [dbo].[PlaylistTrack] ([PlaylistId], [TrackId]) VALUES (8, 298);
INSERT INTO [dbo].[PlaylistTrack] ([PlaylistId], [TrackId]) VALUES (8, 299);
INSERT INTO [dbo].[PlaylistTrack] ([PlaylistId], [TrackId]) VALUES (8, 300);
INSERT INTO [dbo].[PlaylistTrack] ([PlaylistId], [TrackId]) VALUES (8, 301);
INSERT INTO [dbo].[PlaylistTrack] ([PlaylistId], [TrackId]) VALUES (8, 302);
INSERT INTO [dbo].[PlaylistTrack] ([PlaylistId], [TrackId]) VALUES (8, 303);
INSERT INTO [dbo].[PlaylistTrack] ([PlaylistId], [TrackId]) VALUES (8, 304);
INSERT INTO [dbo].[PlaylistTrack] ([PlaylistId], [TrackId]) VALUES (8, 305);
INSERT INTO [dbo].[PlaylistTrack] ([PlaylistId], [TrackId]) VALUES (8, 306);
INSERT INTO [dbo].[PlaylistTrack] ([PlaylistId], [TrackId]) VALUES (8, 307);
INSERT INTO [dbo].[PlaylistTrack] ([PlaylistId], [TrackId]) VALUES (8, 308);
INSERT INTO [dbo].[PlaylistTrack] ([PlaylistId], [TrackId]) VALUES (8, 309);
INSERT INTO [dbo].[PlaylistTrack] ([PlaylistId], [TrackId]) VALUES (8, 310);
INSERT INTO [dbo].[PlaylistTrack] ([PlaylistId], [TrackId]) VALUES (8, 311);
INSERT INTO [dbo].[PlaylistTrack] ([PlaylistId], [TrackId]) VALUES (8, 312);
INSERT INTO [dbo].[PlaylistTrack] ([PlaylistId], [TrackId]) VALUES (8, 313);
INSERT INTO [dbo].[PlaylistTrack] ([PlaylistId], [TrackId]) VALUES (8, 314);
INSERT INTO [dbo].[PlaylistTrack] ([PlaylistId], [TrackId]) VALUES (8, 315);
INSERT INTO [dbo].[PlaylistTrack] ([PlaylistId], [TrackId]) VALUES (8, 316);
INSERT INTO [dbo].[PlaylistTrack] ([PlaylistId], [TrackId]) VALUES (8, 317);
INSERT INTO [dbo].[PlaylistTrack] ([PlaylistId], [TrackId]) VALUES (8, 318);
INSERT INTO [dbo].[PlaylistTrack] ([PlaylistId], [TrackId]) VALUES (8, 319);
INSERT INTO [dbo].[PlaylistTrack] ([PlaylistId], [TrackId]) VALUES (8, 320);
INSERT INTO [dbo].[PlaylistTrack] ([PlaylistId], [TrackId]) VALUES (8, 321);
INSERT INTO [dbo].[PlaylistTrack] ([PlaylistId], [TrackId]) VALUES (8, 322);
INSERT INTO [dbo].[PlaylistTrack] ([PlaylistId], [TrackId]) VALUES (8, 337);
INSERT INTO [dbo].[PlaylistTrack] ([PlaylistId], [TrackId]) VALUES (8, 338);
INSERT INTO [dbo].[PlaylistTrack] ([PlaylistId], [TrackId]) VALUES (8, 339);
INSERT INTO [dbo].[PlaylistTrack] ([PlaylistId], [TrackId]) VALUES (8, 340);
INSERT INTO [dbo].[PlaylistTrack] ([PlaylistId], [TrackId]) VALUES (8, 341);
INSERT INTO [dbo].[PlaylistTrack] ([PlaylistId], [TrackId]) VALUES (8, 342);
INSERT INTO [dbo].[PlaylistTrack] ([PlaylistId], [TrackId]) VALUES (8, 343);
INSERT INTO [dbo].[PlaylistTrack] ([PlaylistId], [TrackId]) VALUES (8, 344);
INSERT INTO [dbo].[PlaylistTrack] ([PlaylistId], [TrackId]) VALUES (8, 345);
INSERT INTO [dbo].[PlaylistTrack] ([PlaylistId], [TrackId]) VALUES (8, 346);
INSERT INTO [dbo].[PlaylistTrack] ([PlaylistId], [TrackId]) VALUES (8, 347);
INSERT INTO [dbo].[PlaylistTrack] ([PlaylistId], [TrackId]) VALUES (8, 348);
INSERT INTO [dbo].[PlaylistTrack] ([PlaylistId], [TrackId]) VALUES (8, 349);
INSERT INTO [dbo].[PlaylistTrack] ([PlaylistId], [TrackId]) VALUES (8, 350);
INSERT INTO [dbo].[PlaylistTrack] ([PlaylistId], [TrackId]) VALUES (8, 323);
INSERT INTO [dbo].[PlaylistTrack] ([PlaylistId], [TrackId]) VALUES (8, 324);
INSERT INTO [dbo].[PlaylistTrack] ([PlaylistId], [TrackId]) VALUES (8, 325);
INSERT INTO [dbo].[PlaylistTrack] ([PlaylistId], [TrackId]) VALUES (8, 326);
INSERT INTO [dbo].[PlaylistTrack] ([PlaylistId], [TrackId]) VALUES (8, 327);
INSERT INTO [dbo].[PlaylistTrack] ([PlaylistId], [TrackId]) VALUES (8, 328);
INSERT INTO [dbo].[PlaylistTrack] ([PlaylistId], [TrackId]) VALUES (8, 329);
INSERT INTO [dbo].[PlaylistTrack] ([PlaylistId], [TrackId]) VALUES (8, 330);
INSERT INTO [dbo].[PlaylistTrack] ([PlaylistId], [TrackId]) VALUES (8, 331);
INSERT INTO [dbo].[PlaylistTrack] ([PlaylistId], [TrackId]) VALUES (8, 332);
INSERT INTO [dbo].[PlaylistTrack] ([PlaylistId], [TrackId]) VALUES (8, 333);
INSERT INTO [dbo].[PlaylistTrack] ([PlaylistId], [TrackId]) VALUES (8, 334);
INSERT INTO [dbo].[PlaylistTrack] ([PlaylistId], [TrackId]) VALUES (8, 335);
INSERT INTO [dbo].[PlaylistTrack] ([PlaylistId], [TrackId]) VALUES (8, 336);
INSERT INTO [dbo].[PlaylistTrack] ([PlaylistId], [TrackId]) VALUES (11, 219);
INSERT INTO [dbo].[PlaylistTrack] ([PlaylistId], [TrackId]) VALUES (11, 220);
INSERT INTO [dbo].[PlaylistTrack] ([PlaylistId], [TrackId]) VALUES (11, 215);
INSERT INTO [dbo].[PlaylistTrack] ([PlaylistId], [TrackId]) VALUES (16, 52);
INSERT INTO [dbo].[PlaylistTrack] ([PlaylistId], [TrackId]) VALUES (17, 1);
INSERT INTO [dbo].[PlaylistTrack] ([PlaylistId], [TrackId]) VALUES (17, 2);
INSERT INTO [dbo].[PlaylistTrack] ([PlaylistId], [TrackId]) VALUES (17, 3);
INSERT INTO [dbo].[PlaylistTrack] ([PlaylistId], [TrackId]) VALUES (17, 4);
INSERT INTO [dbo].[PlaylistTrack] ([PlaylistId], [TrackId]) VALUES (17, 5);
INSERT INTO [dbo].[PlaylistTrack] ([PlaylistId], [TrackId]) VALUES (17, 152);
INSERT INTO [dbo].[PlaylistTrack] ([PlaylistId], [TrackId]) VALUES (17, 160);

